-- INSERT ALL DATA
-- DEPARTMENT TABLE 10 rows checked
CREATE SEQUENCE DEPARTMENT_SEQ
INCREMENT BY 1 START WITH 1;

INSERT INTO DEPARTMENT VALUES ( DEPARTMENT_SEQ.NEXTVAL, 'วิทยาการคอมพิวเตอร์');
INSERT INTO DEPARTMENT VALUES ( DEPARTMENT_SEQ.NEXTVAL, 'ออกแบบภายใน');
INSERT INTO DEPARTMENT VALUES ( DEPARTMENT_SEQ.NEXTVAL, 'บริบาลเภสัชกรรม');

INSERT INTO DEPARTMENT VALUES ( DEPARTMENT_SEQ.NEXTVAL, 'วิศวกรรมไฟฟ้า');
INSERT INTO DEPARTMENT VALUES ( DEPARTMENT_SEQ.NEXTVAL, 'เทคนิคการแพทย์');
INSERT INTO DEPARTMENT VALUES ( DEPARTMENT_SEQ.NEXTVAL, 'การภาพยนตร์และภาพนิ่ง');

INSERT INTO DEPARTMENT VALUES ( DEPARTMENT_SEQ.NEXTVAL, 'การเมืองการปกครอง');
INSERT INTO DEPARTMENT VALUES ( DEPARTMENT_SEQ.NEXTVAL, 'ภาษาศาสตร์และวรรณคดี');
INSERT INTO DEPARTMENT VALUES ( DEPARTMENT_SEQ.NEXTVAL, 'กฎหมายธุรกิจ');
INSERT INTO DEPARTMENT VALUES ( DEPARTMENT_SEQ.NEXTVAL, 'การพยาบาลเด็ก');



-- FACULTY_INFO TABLE 10 rows checked
CREATE SEQUENCE FACULTY_SEQ
INCREMENT BY 1 START WITH 1;

INSERT INTO FACULTY_INFO VALUES (FACULTY_SEQ.NEXTVAL, 'วิทยาศาสตร์');
INSERT INTO FACULTY_INFO VALUES (FACULTY_SEQ.NEXTVAL, 'สถาปัตยกรรมศาสตร์');
INSERT INTO FACULTY_INFO VALUES (FACULTY_SEQ.NEXTVAL, 'เภสัชศาสตร์');

INSERT INTO FACULTY_INFO VALUES (FACULTY_SEQ.NEXTVAL, 'วิศวกรรมศาสตร์');
INSERT INTO FACULTY_INFO VALUES (FACULTY_SEQ.NEXTVAL, 'คณะสหเวชศาสตร์');
INSERT INTO FACULTY_INFO VALUES (FACULTY_SEQ.NEXTVAL, 'นิเทศศาสตร์');

INSERT INTO FACULTY_INFO VALUES (FACULTY_SEQ.NEXTVAL, 'รัฐศาสตร์');
INSERT INTO FACULTY_INFO VALUES (FACULTY_SEQ.NEXTVAL, 'มนุษยศาสตร์');
INSERT INTO FACULTY_INFO VALUES (FACULTY_SEQ.NEXTVAL, 'นิติศาสตร์');
INSERT INTO FACULTY_INFO VALUES (FACULTY_SEQ.NEXTVAL, 'พยาบาลศาสตร์');



-- FACULTY TABLE 10 rows checked
INSERT INTO FACULTY(FACULTY_ID,DEPARTMENT_ID) VALUES (1,1);
INSERT INTO FACULTY(FACULTY_ID,DEPARTMENT_ID) VALUES (2,2);
INSERT INTO FACULTY(FACULTY_ID,DEPARTMENT_ID) VALUES (3,3);

INSERT INTO FACULTY(FACULTY_ID,DEPARTMENT_ID) VALUES (4,4);
INSERT INTO FACULTY(FACULTY_ID,DEPARTMENT_ID) VALUES (5,5);
INSERT INTO FACULTY(FACULTY_ID,DEPARTMENT_ID) VALUES (6,6);

INSERT INTO FACULTY(FACULTY_ID,DEPARTMENT_ID) VALUES (7,7);
INSERT INTO FACULTY(FACULTY_ID,DEPARTMENT_ID) VALUES (8,8);
INSERT INTO FACULTY(FACULTY_ID,DEPARTMENT_ID) VALUES (9,9);
INSERT INTO FACULTY(FACULTY_ID,DEPARTMENT_ID) VALUES (10,10);



-- UNIVERSITY_INFO TABLE 10 rows checked
INSERT INTO UNIVERSITY_INFO VALUES ( 'SWU', 'มหาวิทยาลัยศรีนครินทรวิโรฒ');
INSERT INTO UNIVERSITY_INFO VALUES ( 'CU', 'จุฬาลงกรณ์มหาวิทยาลัย');
INSERT INTO UNIVERSITY_INFO VALUES ( 'KU', 'มหาวิทยาลัยเกษตรศาสตร์');

INSERT INTO UNIVERSITY_INFO VALUES ( 'TU', 'มหาวิทยาลัยธรรมศาสตร์');
INSERT INTO UNIVERSITY_INFO VALUES ( 'MU', 'มหาวิทยาลัยมหิดล');
INSERT INTO UNIVERSITY_INFO VALUES ( 'CMU', 'มหาวิทยาลัยเชียงใหม่');

INSERT INTO UNIVERSITY_INFO VALUES ( 'KMITL', 'สถาบันเทคโนโลยีพระจอมเกล้าเจ้าคุณทหารลาดกระบัง');
INSERT INTO UNIVERSITY_INFO VALUES ( 'BUU', 'มหาวิทยาลัยบูรพา');
INSERT INTO UNIVERSITY_INFO VALUES ( 'KKU', 'มหาวิทยาลัยขอนแก่น');
INSERT INTO UNIVERSITY_INFO  VALUES ( 'KMUTT', 'มหาวิทยาลัยเทคโนโลยีพระจอมเกล้าธนบุรี');



-- UNIVERSITY TABLE 
INSERT INTO UNIVERSITY VALUES ( 'SWU', 1, 1);
INSERT INTO UNIVERSITY VALUES ( 'CU', 1, 1);
INSERT INTO UNIVERSITY VALUES ( 'KMUTT', 1, 1);

INSERT INTO UNIVERSITY VALUES ( 'CU', 2, 2);
INSERT INTO UNIVERSITY VALUES ( 'KU', 3, 3);

INSERT INTO UNIVERSITY VALUES ( 'TU', 4, 4);
INSERT INTO UNIVERSITY VALUES ( 'MU', 5, 5);
INSERT INTO UNIVERSITY VALUES ( 'CMU', 6, 6);

INSERT INTO UNIVERSITY VALUES ( 'KMITL', 7, 7);
INSERT INTO UNIVERSITY VALUES ( 'BUU', 8, 8);
INSERT INTO UNIVERSITY VALUES ( 'KKU', 9, 9);
INSERT INTO UNIVERSITY VALUES ( 'KMUTT', 10, 10);



-- UNIVERSITY_STAT TABLE 
    --ปี66
INSERT INTO  UNIVERSITY_STAT(YEAR, UNI_ID, FACULTY_ID, DEPARTMENT_ID, MIN, MAX, NUM_ACCEPT, NUM_REGISTER, NUM_PASS)
VALUES ( '2566', 'SWU', 1, 1, 54.652, 57.89, 9, 840, 9);
INSERT INTO  UNIVERSITY_STAT(YEAR, UNI_ID, FACULTY_ID, DEPARTMENT_ID, MIN, MAX, NUM_ACCEPT, NUM_REGISTER, NUM_PASS)
VALUES ( '2566', 'CU', 1, 1, 66, 77, 12, 840, 9);
INSERT INTO  UNIVERSITY_STAT(YEAR, UNI_ID, FACULTY_ID, DEPARTMENT_ID, MIN, MAX, NUM_ACCEPT, NUM_REGISTER, NUM_PASS)
VALUES ( '2566', 'KMUTT', 1, 1, 11, 60, 9, 840, 9);

INSERT INTO  UNIVERSITY_STAT(YEAR, UNI_ID, FACULTY_ID, DEPARTMENT_ID, MIN, MAX, NUM_ACCEPT, NUM_REGISTER, NUM_PASS)
VALUES ( '2566', 'CU', 2, 2, 71.1577, 84.215, 15, 1245, 15);
INSERT INTO  UNIVERSITY_STAT(YEAR, UNI_ID, FACULTY_ID, DEPARTMENT_ID, MIN, MAX, NUM_ACCEPT, NUM_REGISTER, NUM_PASS)
VALUES ( '2566', 'KU', 3, 3, 42.4111, 52.2312, 56, 242, 56);
INSERT INTO  UNIVERSITY_STAT(YEAR, UNI_ID, FACULTY_ID, DEPARTMENT_ID, MIN, MAX, NUM_ACCEPT, NUM_REGISTER, NUM_PASS)
VALUES ( '2566', 'TU', 4, 4, 41.2548, 55.215, 14, 792, 14);
INSERT INTO  UNIVERSITY_STAT(YEAR, UNI_ID, FACULTY_ID, DEPARTMENT_ID, MIN, MAX, NUM_ACCEPT, NUM_REGISTER, NUM_PASS)
VALUES ( '2566', 'MU', 5, 5, 56.325, 77.2348, 15, 1245, 15);
INSERT INTO  UNIVERSITY_STAT(YEAR, UNI_ID, FACULTY_ID, DEPARTMENT_ID, MIN, MAX, NUM_ACCEPT, NUM_REGISTER, NUM_PASS)
VALUES ( '2566', 'CMU', 6, 6, 48.858, 69.254, 56, 242, 56);
INSERT INTO  UNIVERSITY_STAT(YEAR, UNI_ID, FACULTY_ID, DEPARTMENT_ID, MIN, MAX, NUM_ACCEPT, NUM_REGISTER, NUM_PASS)
VALUES ( '2566', 'KMITL', 7, 7, 50.12, 62.255, 7, 444, 7);
INSERT INTO  UNIVERSITY_STAT(YEAR, UNI_ID, FACULTY_ID, DEPARTMENT_ID, MIN, MAX, NUM_ACCEPT, NUM_REGISTER, NUM_PASS)
VALUES ( '2566', 'BUU', 8, 8, 56.858, 80.6828, 11, 222, 11);
INSERT INTO  UNIVERSITY_STAT(YEAR, UNI_ID, FACULTY_ID, DEPARTMENT_ID, MIN, MAX, NUM_ACCEPT, NUM_REGISTER, NUM_PASS)
VALUES ( '2566', 'KKU', 9, 9, 22.5525, 62.321, 58, 452, 58);
INSERT INTO  UNIVERSITY_STAT(YEAR, UNI_ID, FACULTY_ID, DEPARTMENT_ID, MIN, MAX, NUM_ACCEPT, NUM_REGISTER, NUM_PASS)
VALUES ( '2566', 'KMUTT', 10, 10, 42.652, 58.214, 45, 242, 45);
    --ปี65
INSERT INTO UNIVERSITY_STAT(YEAR, UNI_ID, FACULTY_ID, DEPARTMENT_ID, MIN, MAX, NUM_ACCEPT, NUM_REGISTER, NUM_PASS)
VALUES ('2565', 'SWU', 1, 1, 45.234, 52.147, 14, 485, 14);
INSERT INTO  UNIVERSITY_STAT(YEAR, UNI_ID, FACULTY_ID, DEPARTMENT_ID, MIN, MAX, NUM_ACCEPT, NUM_REGISTER, NUM_PASS)
VALUES ( '2565', 'CU', 1, 1, 52, 77, 12, 840, 9);
INSERT INTO  UNIVERSITY_STAT(YEAR, UNI_ID, FACULTY_ID, DEPARTMENT_ID, MIN, MAX, NUM_ACCEPT, NUM_REGISTER, NUM_PASS)
VALUES ( '2565', 'KMUTT', 1, 1, 11, 60, 9, 840, 9);

INSERT INTO UNIVERSITY_STAT(YEAR, UNI_ID, FACULTY_ID, DEPARTMENT_ID, MIN, MAX, NUM_ACCEPT, NUM_REGISTER, NUM_PASS)
VALUES ('2565', 'CU', 2, 2, 38.150, 51.586, 29, 412, 29);
INSERT INTO UNIVERSITY_STAT(YEAR, UNI_ID, FACULTY_ID, DEPARTMENT_ID, MIN, MAX, NUM_ACCEPT, NUM_REGISTER, NUM_PASS)
VALUES ('2565', 'KU', 3, 3, 58.215, 61.944, 32, 741, 32);
INSERT INTO UNIVERSITY_STAT(YEAR, UNI_ID, FACULTY_ID, DEPARTMENT_ID, MIN, MAX, NUM_ACCEPT, NUM_REGISTER, NUM_PASS)
VALUES ('2565', 'TU', 4, 4, 45.234, 61.255, 14, 485, 14);
INSERT INTO UNIVERSITY_STAT(YEAR, UNI_ID, FACULTY_ID, DEPARTMENT_ID, MIN, MAX, NUM_ACCEPT, NUM_REGISTER, NUM_PASS)
VALUES ('2565', 'MU', 5, 5, 38.150, 55.225, 29, 412, 29);
INSERT INTO UNIVERSITY_STAT(YEAR, UNI_ID, FACULTY_ID, DEPARTMENT_ID, MIN, MAX, NUM_ACCEPT, NUM_REGISTER, NUM_PASS)
VALUES ('2565', 'CMU', 6, 6, 58.215, 59.255, 32, 741, 32);
INSERT INTO UNIVERSITY_STAT(YEAR, UNI_ID, FACULTY_ID, DEPARTMENT_ID, MIN, MAX, NUM_ACCEPT, NUM_REGISTER, NUM_PASS)
VALUES ('2565', 'KMITL', 7, 7, 45.234, 54.174, 14, 485, 14);
INSERT INTO UNIVERSITY_STAT(YEAR, UNI_ID, FACULTY_ID, DEPARTMENT_ID, MIN, MAX, NUM_ACCEPT, NUM_REGISTER, NUM_PASS)
VALUES ('2565', 'BUU', 8, 8, 38.150, 49.547, 29, 412, 29);
INSERT INTO UNIVERSITY_STAT(YEAR, UNI_ID, FACULTY_ID, DEPARTMENT_ID, MIN, MAX, NUM_ACCEPT, NUM_REGISTER, NUM_PASS)
VALUES ('2565', 'KKU', 9, 9, 58.215, 62.111, 32, 741, 32);
INSERT INTO UNIVERSITY_STAT(YEAR, UNI_ID, FACULTY_ID, DEPARTMENT_ID, MIN, MAX, NUM_ACCEPT, NUM_REGISTER, NUM_PASS)
VALUES ('2565', 'KMUTT', 10, 10, 58.215, 57.254, 32, 741, 32);
    --ปี64
INSERT INTO UNIVERSITY_STAT(YEAR, UNI_ID, FACULTY_ID, DEPARTMENT_ID, MIN, MAX, NUM_ACCEPT, NUM_REGISTER, NUM_PASS)
VALUES ('2564', 'SWU', 1, 1, 45.2344, 52.1468, 14, 485, 14);
INSERT INTO  UNIVERSITY_STAT(YEAR, UNI_ID, FACULTY_ID, DEPARTMENT_ID, MIN, MAX, NUM_ACCEPT, NUM_REGISTER, NUM_PASS)
VALUES ( '2564', 'CU', 1, 1, 52, 77, 12, 840, 9);
INSERT INTO  UNIVERSITY_STAT(YEAR, UNI_ID, FACULTY_ID, DEPARTMENT_ID, MIN, MAX, NUM_ACCEPT, NUM_REGISTER, NUM_PASS)
VALUES ( '2564', 'KMUTT', 1, 1, 11, 60, 9, 840, 9);

INSERT INTO UNIVERSITY_STAT(YEAR, UNI_ID, FACULTY_ID, DEPARTMENT_ID, MIN, MAX, NUM_ACCEPT, NUM_REGISTER, NUM_PASS)
VALUES ('2564', 'CU', 2, 2, 38.1495, 61.247, 29, 412, 29);
INSERT INTO UNIVERSITY_STAT(YEAR, UNI_ID, FACULTY_ID, DEPARTMENT_ID, MIN, MAX, NUM_ACCEPT, NUM_REGISTER, NUM_PASS)
VALUES ('2564', 'KU', 3, 3, 58.2147, 60.247, 32, 741, 32);
INSERT INTO UNIVERSITY_STAT(YEAR, UNI_ID, FACULTY_ID, DEPARTMENT_ID, MIN, MAX, NUM_ACCEPT, NUM_REGISTER, NUM_PASS)
VALUES ('2564', 'TU', 4, 4, 45.2344, 54.254, 14, 485, 14);
INSERT INTO UNIVERSITY_STAT(YEAR, UNI_ID, FACULTY_ID, DEPARTMENT_ID, MIN, MAX, NUM_ACCEPT, NUM_REGISTER, NUM_PASS)
VALUES ('2564', 'MU', 5, 5, 38.1495, 54.258, 29, 412, 29);
INSERT INTO UNIVERSITY_STAT(YEAR, UNI_ID, FACULTY_ID, DEPARTMENT_ID, MIN, MAX, NUM_ACCEPT, NUM_REGISTER, NUM_PASS)
VALUES ('2564', 'CMU', 6, 6, 58.2147, 62.111, 32, 741, 32);
INSERT INTO UNIVERSITY_STAT(YEAR, UNI_ID, FACULTY_ID, DEPARTMENT_ID, MIN, MAX, NUM_ACCEPT, NUM_REGISTER, NUM_PASS)
VALUES ('2564', 'KMITL', 7, 7, 45.2344, 52.1468, 14, 485, 14);
INSERT INTO UNIVERSITY_STAT(YEAR, UNI_ID, FACULTY_ID, DEPARTMENT_ID, MIN, MAX, NUM_ACCEPT, NUM_REGISTER, NUM_PASS)
VALUES ('2564', 'BUU', 8, 8, 38.1495, 51.5857, 29, 412, 29);
INSERT INTO UNIVERSITY_STAT(YEAR, UNI_ID, FACULTY_ID, DEPARTMENT_ID, MIN, MAX, NUM_ACCEPT, NUM_REGISTER, NUM_PASS)
VALUES ('2564', 'KKU', 9, 9, 58.2147, 66.119, 32, 741, 32);
INSERT INTO UNIVERSITY_STAT(YEAR, UNI_ID, FACULTY_ID, DEPARTMENT_ID, MIN, MAX, NUM_ACCEPT, NUM_REGISTER, NUM_PASS)
VALUES ('2564', 'KMUTT', 10, 10, 58.2147, 61.9440, 32, 741, 32);




-- APPLICANT_STAT TABLE 3 rows checked
INSERT INTO APPLICANT_STAT(YEAR, ATTENDANT, NEW_APPLICANT, OLD_APPLICANT, FEMALE, MALE, PAPER, COMP)
VALUES ( '2566', 277840, 243178, 34662, 166704, 111136, 50674, 227166);
INSERT INTO APPLICANT_STAT(YEAR, ATTENDANT, NEW_APPLICANT, OLD_APPLICANT, FEMALE, MALE, PAPER, COMP)
VALUES ( '2565', 254189, 205675, 48514, 165223, 88966, 254189, 0);
INSERT INTO APPLICANT_STAT(YEAR, ATTENDANT, NEW_APPLICANT, OLD_APPLICANT, FEMALE, MALE, PAPER, COMP)
VALUES ( '2564', 111725, 90181, 21544, 75292, 36433, 111725, 0);




-- SUBJECT TABLE 48 rows checked
    -- gat สำหรับปี 65,64
INSERT INTO SUBJECT (SUBJECT_ID, SUBJECT_NAME, SUBJECT_MAIN) VALUES ( 'GAT', 'การทดสอบวิชาความถนัดทั่วไป', NULL);
    -- pat สำหรับปี 65,64
INSERT INTO SUBJECT (SUBJECT_ID, SUBJECT_NAME, SUBJECT_MAIN) VALUES ( 'PAT', 'การทดสอบวิชาความถนัดทางวิชาการและวิชาชีพ', NULL);
INSERT INTO SUBJECT (SUBJECT_ID, SUBJECT_NAME, SUBJECT_MAIN) VALUES ( 'PAT1', 'ความถนัดทางคณิตศาสตร์', 'PAT');
INSERT INTO SUBJECT (SUBJECT_ID, SUBJECT_NAME, SUBJECT_MAIN) VALUES ( 'PAT2', 'ความถนัดทางวิทยาศาสตร์', 'PAT');
INSERT INTO SUBJECT (SUBJECT_ID, SUBJECT_NAME, SUBJECT_MAIN) VALUES ( 'PAT3', 'ความถนัดทางวิศวกรรมศาสตร์', 'PAT');
INSERT INTO SUBJECT (SUBJECT_ID, SUBJECT_NAME, SUBJECT_MAIN) VALUES ( 'PAT4', 'ความถนัดทางสถาปัตยกรรมศาสตร์', 'PAT');
INSERT INTO SUBJECT (SUBJECT_ID, SUBJECT_NAME, SUBJECT_MAIN) VALUES ( 'PAT5', 'ความถนัดทางวิชาชีพครู', 'PAT');
INSERT INTO SUBJECT (SUBJECT_ID, SUBJECT_NAME, SUBJECT_MAIN) VALUES ( 'PAT6', 'ความถนัดทางศิลปกรรมศาสตร์', 'PAT');
INSERT INTO SUBJECT (SUBJECT_ID, SUBJECT_NAME, SUBJECT_MAIN) VALUES ( 'PAT7', 'ความถนัดทางภาษาต่างประเทศ', 'PAT');
INSERT INTO SUBJECT (SUBJECT_ID, SUBJECT_NAME, SUBJECT_MAIN) VALUES ( 'PAT7.1', 'ความถนัดทางภาษาฝรั่งเศส', 'PAT');
INSERT INTO SUBJECT (SUBJECT_ID, SUBJECT_NAME, SUBJECT_MAIN) VALUES ( 'PAT7.2', 'ความถนัดทางภาษาเยอรมัน', 'PAT');
INSERT INTO SUBJECT (SUBJECT_ID, SUBJECT_NAME, SUBJECT_MAIN) VALUES ( 'PAT7.3', 'ความถนัดทางภาษาญี่ปุ่น', 'PAT');
INSERT INTO SUBJECT (SUBJECT_ID, SUBJECT_NAME, SUBJECT_MAIN) VALUES ( 'PAT7.4', 'ความถนัดทางภาษาจีน', 'PAT');
INSERT INTO SUBJECT (SUBJECT_ID, SUBJECT_NAME, SUBJECT_MAIN) VALUES ( 'PAT7.5', 'ความถนัดทางภาษาอาหรับ', 'PAT');
INSERT INTO SUBJECT (SUBJECT_ID, SUBJECT_NAME, SUBJECT_MAIN) VALUES ( 'PAT7.6', 'ความถนัดทางภาษาบาลี', 'PAT');

    -- วิชาสามัญ สำหรับปี 65,64
INSERT INTO SUBJECT (SUBJECT_ID, SUBJECT_NAME, SUBJECT_MAIN) VALUES ( 'วิชาสามัญ', 'การทดสอบวิชาความถนัดทางวิชาการและวิชาชีพ', NULL);
INSERT INTO SUBJECT (SUBJECT_ID, SUBJECT_NAME, SUBJECT_MAIN) VALUES ( 'วิชาสามัญ MATH1', 'วิชาสามัญคณิต1', 'วิชาสามัญ');
INSERT INTO SUBJECT (SUBJECT_ID, SUBJECT_NAME, SUBJECT_MAIN) VALUES ( 'วิชาสามัญ MATH2', 'วิชาสามัญคณิต2', 'วิชาสามัญ');
INSERT INTO SUBJECT (SUBJECT_ID, SUBJECT_NAME, SUBJECT_MAIN) VALUES ( 'วิชาสามัญ SCIENCE', 'วิชาสามัญวิทย์ทั่วไป', 'วิชาสามัญ');
INSERT INTO SUBJECT (SUBJECT_ID, SUBJECT_NAME, SUBJECT_MAIN) VALUES ( 'วิชาสามัญ THAI', 'วิชาสามัญภาษาไทย', 'วิชาสามัญ');
INSERT INTO SUBJECT (SUBJECT_ID, SUBJECT_NAME, SUBJECT_MAIN) VALUES ( 'วิชาสามัญ SOCIAL STUDY', 'วิชาสามัญสังคมศึกษา', 'วิชาสามัญ');
INSERT INTO SUBJECT (SUBJECT_ID, SUBJECT_NAME, SUBJECT_MAIN) VALUES ( 'วิชาสามัญ ENGLISH', 'วิชาสามัญภาษาอังกฤษ', 'วิชาสามัญ');
INSERT INTO SUBJECT (SUBJECT_ID, SUBJECT_NAME, SUBJECT_MAIN) VALUES ( 'วิชาสามัญ PHYSICS', 'วิชาสามัญฟิสิกส์', 'วิชาสามัญ');
INSERT INTO SUBJECT (SUBJECT_ID, SUBJECT_NAME, SUBJECT_MAIN) VALUES ( 'วิชาสามัญ CHEMISTRY', 'วิชาสามัญเคมี', 'วิชาสามัญ');
INSERT INTO SUBJECT (SUBJECT_ID, SUBJECT_NAME, SUBJECT_MAIN) VALUES ( 'วิชาสามัญ BIOLOGY', 'วิชาสามัญชีววิทยา', 'วิชาสามัญ');

    -- tgat สำหรับปี 66
INSERT INTO SUBJECT (SUBJECT_ID, SUBJECT_NAME, SUBJECT_MAIN) VALUES ( 'TGAT', 'การทดสอบวิชาความถนัดทั่วไป', NULL);

    -- tpat สำหรับปี 66
INSERT INTO SUBJECT (SUBJECT_ID, SUBJECT_NAME, SUBJECT_MAIN) VALUES ( 'TPAT', 'รายวิชาสามัญที่เน้นการนำความรู้ไปใช้งาน', NULL);
INSERT INTO SUBJECT (SUBJECT_ID, SUBJECT_NAME, SUBJECT_MAIN) VALUES ( 'TPAT1', 'วิชาความถนัดแพทย์ กสพท', 'TPAT');
INSERT INTO SUBJECT (SUBJECT_ID, SUBJECT_NAME, SUBJECT_MAIN) VALUES ( 'TPAT2', 'ความถนัดทางศิลปกรรมศาสตร์', 'TPAT');
INSERT INTO SUBJECT (SUBJECT_ID, SUBJECT_NAME, SUBJECT_MAIN) VALUES ( 'TPAT3', 'ความถนัดทางวิทยาศาสตร์ เทคโนโลยี และวิศวกรรมศาสตร์ ', 'TPAT');
INSERT INTO SUBJECT (SUBJECT_ID, SUBJECT_NAME, SUBJECT_MAIN) VALUES ( 'TPAT4', 'ความถนัดทางสถาปัตยกรรมศาสตร์', 'TPAT');
INSERT INTO SUBJECT (SUBJECT_ID, SUBJECT_NAME, SUBJECT_MAIN) VALUES ( 'TPAT5', 'ความถนัดทางครุศาสตร์/ศึกษาศาสตร์', 'TPAT');

    -- A-LEVEL สำหรับปี 66
INSERT INTO SUBJECT (SUBJECT_ID, SUBJECT_NAME, SUBJECT_MAIN) VALUES ( 'A-LEVEL', 'การทดสอบความรู้เชิงวิชาการที่เน้นการนำความรู้ไปประยุกต์ใช้', NULL);
INSERT INTO SUBJECT (SUBJECT_ID, SUBJECT_NAME, SUBJECT_MAIN) VALUES ( 'A-LEVEL MATH1', 'คณิตศาสตร์ประยุกต์ 1', 'A-LEVEL');
INSERT INTO SUBJECT (SUBJECT_ID, SUBJECT_NAME, SUBJECT_MAIN) VALUES ( 'A-LEVEL MATH2', 'คณิตศาสตร์ประยุกต์ 2', 'A-LEVEL');
INSERT INTO SUBJECT (SUBJECT_ID, SUBJECT_NAME, SUBJECT_MAIN) VALUES ( 'A-LEVEL SCIENCE', 'วิทยาศาสตร์ประยุกต์', 'A-LEVEL');
INSERT INTO SUBJECT (SUBJECT_ID, SUBJECT_NAME, SUBJECT_MAIN) VALUES ( 'A-LEVEL PHYSICS', 'ฟิสิกส์', 'A-LEVEL');
INSERT INTO SUBJECT (SUBJECT_ID, SUBJECT_NAME, SUBJECT_MAIN) VALUES ( 'A-LEVEL CHEMISTRY', 'เคมี', 'A-LEVEL');
INSERT INTO SUBJECT (SUBJECT_ID, SUBJECT_NAME, SUBJECT_MAIN) VALUES ( 'A-LEVEL BIOLOGY', 'ชีววิทยา', 'A-LEVEL');
INSERT INTO SUBJECT (SUBJECT_ID, SUBJECT_NAME, SUBJECT_MAIN) VALUES ( 'A-LEVEL SOCIAL STUDY', 'สังคมศาสตร์', 'A-LEVEL');
INSERT INTO SUBJECT (SUBJECT_ID, SUBJECT_NAME, SUBJECT_MAIN) VALUES ( 'A-LEVEL THAI', 'ภาษาไทย', 'A-LEVEL');
INSERT INTO SUBJECT (SUBJECT_ID, SUBJECT_NAME, SUBJECT_MAIN) VALUES ( 'A-LEVEL ENGLISH', 'ภาษาอังกฤษ', 'A-LEVEL');
INSERT INTO SUBJECT (SUBJECT_ID, SUBJECT_NAME, SUBJECT_MAIN) VALUES ( 'A-LEVEL FRENCH', 'ภาษาฝรั่งเศส', 'A-LEVEL');
INSERT INTO SUBJECT (SUBJECT_ID, SUBJECT_NAME, SUBJECT_MAIN) VALUES ( 'A-LEVEL GERMAN', 'ภาษาเยอรมัน', 'A-LEVEL');
INSERT INTO SUBJECT (SUBJECT_ID, SUBJECT_NAME, SUBJECT_MAIN) VALUES ( 'A-LEVEL JAPANESE', 'ภาษาญี่ปุ่น', 'A-LEVEL');
INSERT INTO SUBJECT (SUBJECT_ID, SUBJECT_NAME, SUBJECT_MAIN) VALUES ( 'A-LEVEL KOREAN', 'ภาษาเกาหลี', 'A-LEVEL');
INSERT INTO SUBJECT (SUBJECT_ID, SUBJECT_NAME, SUBJECT_MAIN) VALUES ( 'A-LEVEL CHINESE', 'ภาษาจีน', 'A-LEVEL');
INSERT INTO SUBJECT (SUBJECT_ID, SUBJECT_NAME, SUBJECT_MAIN) VALUES ( 'A-LEVEL PALI', 'ภาษาบาลี', 'A-LEVEL');




-- SUBJECT_STAT TABLE 67 rows checked
    --ปี2566 วิชา tpat / tgat / a-LEVEL 23 rows checked
INSERT INTO SUBJECT_STAT ("YEAR", SUBJECT_ID, TOTAL_SCORE, ATTENDANT, FEMALE, MALE, NEW_APPLICANT, OLD_APPLICANT, MEAN, SD, "MIN", "MAX", "MEDIAN", "MODE")
VALUES ('2566', 'TGAT', 300, 149924, 80045, 69955, 105045, 44955, 161.140, 35.304, 0.000, 297.000, 54.000, 42.000);
INSERT INTO SUBJECT_STAT ("YEAR", SUBJECT_ID, TOTAL_SCORE, ATTENDANT, FEMALE, MALE, NEW_APPLICANT, OLD_APPLICANT, MEAN, SD, "MIN", "MAX", "MEDIAN", "MODE")
VALUES ('2566', 'TPAT', 300, 150013, 79957, 70043, 104960, 45040, 85.265, 65.256, 0.000, 288.000, 87.963, 60.254);
INSERT INTO SUBJECT_STAT ("YEAR", SUBJECT_ID, TOTAL_SCORE, ATTENDANT, FEMALE, MALE, NEW_APPLICANT, OLD_APPLICANT, MEAN, SD, "MIN", "MAX", "MEDIAN", "MODE")
VALUES ('2566', 'TPAT1', 300, 150067, 79945, 70055, 104988, 45012, 90.147, 87.235, 0.000, 274.000, 43.358, 66.748);
INSERT INTO SUBJECT_STAT ("YEAR", SUBJECT_ID, TOTAL_SCORE, ATTENDANT, FEMALE, MALE, NEW_APPLICANT, OLD_APPLICANT, MEAN, SD, "MIN", "MAX", "MEDIAN", "MODE")
VALUES ('2566', 'TPAT2', 300, 149980, 79960, 70020, 105028, 44972, 87.256, 47.258, 0.000, 300.000, 44.658, 74.254);
INSERT INTO SUBJECT_STAT ("YEAR", SUBJECT_ID, TOTAL_SCORE, ATTENDANT, FEMALE, MALE, NEW_APPLICANT, OLD_APPLICANT, MEAN, SD, "MIN", "MAX", "MEDIAN", "MODE")
VALUES ('2566', 'TPAT3', 300, 149852, 80015, 69937, 105055, 44945, 89.247, 95.625, 0.000, 247.000, 75.214, 55.225);
INSERT INTO SUBJECT_STAT ("YEAR", SUBJECT_ID, TOTAL_SCORE, ATTENDANT, FEMALE, MALE, NEW_APPLICANT, OLD_APPLICANT, MEAN, SD, "MIN", "MAX", "MEDIAN", "MODE")
VALUES ('2566', 'TPAT4', 300, 150078, 79938, 70040, 104986, 45012, 98.248, 58.547, 0.000, 299.000, 67.254, 44.482);
INSERT INTO SUBJECT_STAT ("YEAR", SUBJECT_ID, TOTAL_SCORE, ATTENDANT, FEMALE, MALE, NEW_APPLICANT, OLD_APPLICANT, MEAN, SD, "MIN", "MAX", "MEDIAN", "MODE")
VALUES ('2566', 'TPAT5', 300, 150001, 79986, 70015, 105012, 44988, 61.140, 42.685, 0.000, 287.000, 65.024, 87.2452);
INSERT INTO SUBJECT_STAT ("YEAR", SUBJECT_ID, TOTAL_SCORE, ATTENDANT, FEMALE, MALE, NEW_APPLICANT, OLD_APPLICANT, MEAN, SD, "MIN", "MAX", "MEDIAN", "MODE")
VALUES ('2566', 'A-LEVEL', 100, 41342, 25703, 15639, 49, 21, 39.999, 52.725, 10, 95, 35, 38);
INSERT INTO SUBJECT_STAT ("YEAR", SUBJECT_ID, TOTAL_SCORE, ATTENDANT, FEMALE, MALE, NEW_APPLICANT, OLD_APPLICANT, MEAN, SD, "MIN", "MAX", "MEDIAN", "MODE")
VALUES ('2566', 'A-LEVEL MATH1', 100, 36694, 22893, 13801, 44, 19, 34.779, 51.885, 10, 100, 35, 38);
INSERT INTO SUBJECT_STAT ("YEAR", SUBJECT_ID, TOTAL_SCORE, ATTENDANT, FEMALE, MALE, NEW_APPLICANT, OLD_APPLICANT, MEAN, SD, "MIN", "MAX", "MEDIAN", "MODE")
VALUES ('2566', 'A-LEVEL MATH2', 100, 45050, 28188, 16862, 53, 22, 55.82, 84.254, 10, 100, 35, 38);
INSERT INTO SUBJECT_STAT ("YEAR", SUBJECT_ID, TOTAL_SCORE, ATTENDANT, FEMALE, MALE, NEW_APPLICANT, OLD_APPLICANT, MEAN, SD, "MIN", "MAX", "MEDIAN", "MODE")
VALUES ('2566', 'A-LEVEL SCIENCE', 100, 30515, 19072, 11443, 35, 15, 88.255, 58.245, 10, 95, 35, 38);
INSERT INTO SUBJECT_STAT ("YEAR", SUBJECT_ID, TOTAL_SCORE, ATTENDANT, FEMALE, MALE, NEW_APPLICANT, OLD_APPLICANT, MEAN, SD, "MIN", "MAX", "MEDIAN", "MODE")
VALUES ('2566', 'A-LEVEL PHYSICS', 100, 46723, 29201, 17522, 55, 23, 42.858, 17.252, 10, 95, 35, 38);
INSERT INTO SUBJECT_STAT ("YEAR", SUBJECT_ID, TOTAL_SCORE, ATTENDANT, FEMALE, MALE, NEW_APPLICANT, OLD_APPLICANT, MEAN, SD, "MIN", "MAX", "MEDIAN", "MODE")
VALUES ('2566', 'A-LEVEL CHEMISTRY', 100, 33500, 20937, 12563, 55, 23, 42.858, 17.252, 1, 97, 30, 43);
INSERT INTO SUBJECT_STAT ("YEAR", SUBJECT_ID, TOTAL_SCORE, ATTENDANT, FEMALE, MALE, NEW_APPLICANT, OLD_APPLICANT, MEAN, SD, "MIN", "MAX", "MEDIAN", "MODE")
VALUES ('2566', 'A-LEVEL BIOLOGY', 100, 47779, 29862, 17917, 56, 24, 20.325, 59.999, 0, 95, 35, 38);
INSERT INTO SUBJECT_STAT ("YEAR", SUBJECT_ID, TOTAL_SCORE, ATTENDANT, FEMALE, MALE, NEW_APPLICANT, OLD_APPLICANT, MEAN, SD, "MIN", "MAX", "MEDIAN", "MODE")
VALUES ('2566', 'A-LEVEL SOCIAL STUDY', 100, 40563, 25361, 15202, 47, 20, 14.257, 25.461, 0, 100, 88, 44);
INSERT INTO SUBJECT_STAT ("YEAR", SUBJECT_ID, TOTAL_SCORE, ATTENDANT, FEMALE, MALE, NEW_APPLICANT, OLD_APPLICANT, MEAN, SD, "MIN", "MAX", "MEDIAN", "MODE")
VALUES ('2566', 'A-LEVEL THAI', 100, 35996, 22497, 13499, 42, 18, 39.999, 66.254, 0, 100, 64, 25);
INSERT INTO SUBJECT_STAT ("YEAR", SUBJECT_ID, TOTAL_SCORE, ATTENDANT, FEMALE, MALE, NEW_APPLICANT, OLD_APPLICANT, MEAN, SD, "MIN", "MAX", "MEDIAN", "MODE")
VALUES ('2566', 'A-LEVEL ENGLISH', 100, 47182, 29489, 17693, 55, 23, 42.215, 55.258, 4, 100, 44, 45);
INSERT INTO SUBJECT_STAT ("YEAR", SUBJECT_ID, TOTAL_SCORE, ATTENDANT, FEMALE, MALE, NEW_APPLICANT, OLD_APPLICANT, MEAN, SD, "MIN", "MAX", "MEDIAN", "MODE")
VALUES ('2566', 'A-LEVEL FRENCH', 100, 42098, 26311, 15787, 49, 21, 25.259, 75.321, 2, 100, 22, 35);
INSERT INTO SUBJECT_STAT ("YEAR", SUBJECT_ID, TOTAL_SCORE, ATTENDANT, FEMALE, MALE, NEW_APPLICANT, OLD_APPLICANT, MEAN, SD, "MIN", "MAX", "MEDIAN", "MODE")
VALUES ('2566', 'A-LEVEL GERMAN', 100, 43735, 27334, 16401, 51, 22, 31.254, 65.254, 2, 97, 58, 12);
INSERT INTO SUBJECT_STAT ("YEAR", SUBJECT_ID, TOTAL_SCORE, ATTENDANT, FEMALE, MALE, NEW_APPLICANT, OLD_APPLICANT, MEAN, SD, "MIN", "MAX", "MEDIAN", "MODE")
VALUES ('2566', 'A-LEVEL JAPANESE', 100, 34771, 21731, 13040, 40, 17, 16.259, 75.254, 00, 95, 32, 52);
INSERT INTO SUBJECT_STAT ("YEAR", SUBJECT_ID, TOTAL_SCORE, ATTENDANT, FEMALE, MALE, NEW_APPLICANT, OLD_APPLICANT, MEAN, SD, "MIN", "MAX", "MEDIAN", "MODE")
VALUES ('2566', 'A-LEVEL KOREAN', 100, 49143, 30714, 18429, 57, 24, 25.247, 85.258, 0, 88, 74, 44);
INSERT INTO SUBJECT_STAT ("YEAR", SUBJECT_ID, TOTAL_SCORE, ATTENDANT, FEMALE, MALE, NEW_APPLICANT, OLD_APPLICANT, MEAN, SD, "MIN", "MAX", "MEDIAN", "MODE")
VALUES ('2566', 'A-LEVEL CHINESE', 100, 31891, 19932, 11959, 37, 16, 19.569, 45.525, 0, 100, 54, 57);
INSERT INTO SUBJECT_STAT ("YEAR", SUBJECT_ID, TOTAL_SCORE, ATTENDANT, FEMALE, MALE, NEW_APPLICANT, OLD_APPLICANT, MEAN, SD, "MIN", "MAX", "MEDIAN", "MODE")
VALUES ('2566', 'A-LEVEL PALI', 100, 46584, 29115, 17469, 54, 23, 25.548, 41.252, 10, 100, 35, 84);


    --ปี2565 วิชา gat / pat / วิชาสามัญ 23 rows checked
INSERT INTO SUBJECT_STAT ("YEAR", SUBJECT_ID, TOTAL_SCORE, ATTENDANT, FEMALE, MALE, NEW_APPLICANT, OLD_APPLICANT, MEAN, SD, "MIN", "MAX", "MEDIAN", "MODE")
VALUES ('2565', 'GAT', 300, 41342, 25703, 15639, 21, 49, 52.142, 25.725, 10, 300, 35, 255);
INSERT INTO SUBJECT_STAT ("YEAR", SUBJECT_ID, TOTAL_SCORE, ATTENDANT, FEMALE, MALE, NEW_APPLICANT, OLD_APPLICANT, MEAN, SD, "MIN", "MAX", "MEDIAN", "MODE")
VALUES ('2565', 'PAT1', 300, 36694, 22893, 13801, 19, 44, 37.559, 75.752, 10, 300, 47, 268);
INSERT INTO SUBJECT_STAT ("YEAR", SUBJECT_ID, TOTAL_SCORE, ATTENDANT, FEMALE, MALE, NEW_APPLICANT, OLD_APPLICANT, MEAN, SD, "MIN", "MAX", "MEDIAN", "MODE")
VALUES ('2565', 'PAT2', 300, 45050, 28188, 16862, 22, 53, 32.479, 42.725, 10, 284, 32, 125);
INSERT INTO SUBJECT_STAT ("YEAR", SUBJECT_ID, TOTAL_SCORE, ATTENDANT, FEMALE, MALE, NEW_APPLICANT, OLD_APPLICANT, MEAN, SD, "MIN", "MAX", "MEDIAN", "MODE")
VALUES ('2565', 'PAT3', 300, 30515, 19072, 11443, 15, 35, 54.315, 74.525, 10, 298, 52, 115);
INSERT INTO SUBJECT_STAT ("YEAR", SUBJECT_ID, TOTAL_SCORE, ATTENDANT, FEMALE, MALE, NEW_APPLICANT, OLD_APPLICANT, MEAN, SD, "MIN", "MAX", "MEDIAN", "MODE")
VALUES ('2565', 'PAT4', 300, 46723, 29201, 17522, 23, 55, 94.157, 62.425, 10, 299, 75, 136);
INSERT INTO SUBJECT_STAT ("YEAR", SUBJECT_ID, TOTAL_SCORE, ATTENDANT, FEMALE, MALE, NEW_APPLICANT, OLD_APPLICANT, MEAN, SD, "MIN", "MAX", "MEDIAN", "MODE")
VALUES ('2565', 'PAT5', 300, 33500, 20937, 12563, 17, 39, 24.164, 73.725, 10, 300, 82, 152);
INSERT INTO SUBJECT_STAT ("YEAR", SUBJECT_ID, TOTAL_SCORE, ATTENDANT, FEMALE, MALE, NEW_APPLICANT, OLD_APPLICANT, MEAN, SD, "MIN", "MAX", "MEDIAN", "MODE")
VALUES ('2565', 'PAT6', 300, 47779, 29862, 17917, 24, 56, 84.125, 75.725, 10, 300, 25, 145);
INSERT INTO SUBJECT_STAT ("YEAR", SUBJECT_ID, TOTAL_SCORE, ATTENDANT, FEMALE, MALE, NEW_APPLICANT, OLD_APPLICANT, MEAN, SD, "MIN", "MAX", "MEDIAN", "MODE")
VALUES ('2565', 'PAT7', 300, 40563, 25361, 15202, 20, 47, 64.251, 25.725, 10, 287, 75, 125);
INSERT INTO SUBJECT_STAT ("YEAR", SUBJECT_ID, TOTAL_SCORE, ATTENDANT, FEMALE, MALE, NEW_APPLICANT, OLD_APPLICANT, MEAN, SD, "MIN", "MAX", "MEDIAN", "MODE")
VALUES ('2565', 'PAT7.1', 300, 35996, 22497, 13499, 18, 42, 67.451, 82.752, 10, 300, 82, 135);
INSERT INTO SUBJECT_STAT ("YEAR", SUBJECT_ID, TOTAL_SCORE, ATTENDANT, FEMALE, MALE, NEW_APPLICANT, OLD_APPLICANT, MEAN, SD, "MIN", "MAX", "MEDIAN", "MODE")
VALUES ('2565', 'PAT7.2', 300, 47182, 29489, 17693, 23, 55, 49.154, 63.425, 10, 300, 25, 175);
INSERT INTO SUBJECT_STAT ("YEAR", SUBJECT_ID, TOTAL_SCORE, ATTENDANT, FEMALE, MALE, NEW_APPLICANT, OLD_APPLICANT, MEAN, SD, "MIN", "MAX", "MEDIAN", "MODE")
VALUES ('2565', 'PAT7.3', 300, 31994, 19996, 11998, 16, 38, 75.1254, 85.425, 10, 274, 85, 125);
INSERT INTO SUBJECT_STAT ("YEAR", SUBJECT_ID, TOTAL_SCORE, ATTENDANT, FEMALE, MALE, NEW_APPLICANT, OLD_APPLICANT, MEAN, SD, "MIN", "MAX", "MEDIAN", "MODE")
VALUES ('2565', 'PAT7.4', 300, 44344, 27684, 16660, 21, 50, 91.454, 62.452, 10, 265, 95, 114);
INSERT INTO SUBJECT_STAT ("YEAR", SUBJECT_ID, TOTAL_SCORE, ATTENDANT, FEMALE, MALE, NEW_APPLICANT, OLD_APPLICANT, MEAN, SD, "MIN", "MAX", "MEDIAN", "MODE")
VALUES ('2565', 'PAT7.5', 300, 38786, 24241, 14545, 19, 45, 64.157, 54.552, 10, 274, 71, 163);
INSERT INTO SUBJECT_STAT ("YEAR", SUBJECT_ID, TOTAL_SCORE, ATTENDANT, FEMALE, MALE, NEW_APPLICANT, OLD_APPLICANT, MEAN, SD, "MIN", "MAX", "MEDIAN", "MODE")
VALUES ('2565', 'PAT7.6', 300, 42472, 26545, 15927, 21, 49, 94.425, 75.425, 10, 285, 75, 152);
INSERT INTO SUBJECT_STAT ("YEAR", SUBJECT_ID, TOTAL_SCORE, ATTENDANT, FEMALE, MALE, NEW_APPLICANT, OLD_APPLICANT, MEAN, SD, "MIN", "MAX", "MEDIAN", "MODE")
VALUES ('2565', 'วิชาสามัญ MATH1', 100, 36729, 23005, 13724, 70, 30, 85.472, 59.999, 4, 100, 85, 74);
INSERT INTO SUBJECT_STAT ("YEAR", SUBJECT_ID, TOTAL_SCORE, ATTENDANT, FEMALE, MALE, NEW_APPLICANT, OLD_APPLICANT, MEAN, SD, "MIN", "MAX", "MEDIAN", "MODE")
VALUES ('2565', 'วิชาสามัญ MATH2', 100, 4659, 2908, 1751, 70, 30, 64.454, 74.429, 0, 98, 65, 36);
INSERT INTO SUBJECT_STAT ("YEAR", SUBJECT_ID, TOTAL_SCORE, ATTENDANT, FEMALE, MALE, NEW_APPLICANT, OLD_APPLICANT, MEAN, SD, "MIN", "MAX", "MEDIAN", "MODE")
VALUES ('2565', 'วิชาสามัญ SCIENCE', 100, 19651, 12282, 7369, 70, 30, 94.451, 22.525, 0, 92, 25, 25);
INSERT INTO SUBJECT_STAT ("YEAR", SUBJECT_ID, TOTAL_SCORE, ATTENDANT, FEMALE, MALE, NEW_APPLICANT, OLD_APPLICANT, MEAN, SD, "MIN", "MAX", "MEDIAN", "MODE")
VALUES ('2565', 'วิชาสามัญ THAI', 100, 36729, 23005, 13724, 70, 30, 64.154, 72.732, 0, 97, 45, 72);
INSERT INTO SUBJECT_STAT ("YEAR", SUBJECT_ID, TOTAL_SCORE, ATTENDANT, FEMALE, MALE, NEW_APPLICANT, OLD_APPLICANT, MEAN, SD, "MIN", "MAX", "MEDIAN", "MODE")
VALUES ('2565', 'วิชาสามัญ SOCIAL STUDY', 100, 36729, 23005, 13724, 70, 30, 54.154, 71.452, 5, 100, 52, 52);
INSERT INTO SUBJECT_STAT ("YEAR", SUBJECT_ID, TOTAL_SCORE, ATTENDANT, FEMALE, MALE, NEW_APPLICANT, OLD_APPLICANT, MEAN, SD, "MIN", "MAX", "MEDIAN", "MODE")
VALUES ('2565', 'วิชาสามัญ ENGLISH', 100, 36729, 23005, 13724, 70, 30, 64.454, 24.2529, 0, 99, 55, 82);
INSERT INTO SUBJECT_STAT ("YEAR", SUBJECT_ID, TOTAL_SCORE, ATTENDANT, FEMALE, MALE, NEW_APPLICANT, OLD_APPLICANT, MEAN, SD, "MIN", "MAX", "MEDIAN", "MODE")
VALUES ('2565', 'วิชาสามัญ PHYSICS', 100, 36729, 23005, 13724, 70, 30, 64.424, 52.252, 4, 97, 22, 45);
INSERT INTO SUBJECT_STAT ("YEAR", SUBJECT_ID, TOTAL_SCORE, ATTENDANT, FEMALE, MALE, NEW_APPLICANT, OLD_APPLICANT, MEAN, SD, "MIN", "MAX", "MEDIAN", "MODE")
VALUES ('2565', 'วิชาสามัญ CHEMISTRY', 100, 36729, 23005, 13724, 70, 30, 64.999, 74.425, 2, 100, 33, 25);
INSERT INTO SUBJECT_STAT ("YEAR", SUBJECT_ID, TOTAL_SCORE, ATTENDANT, FEMALE, MALE, NEW_APPLICANT, OLD_APPLICANT, MEAN, SD, "MIN", "MAX", "MEDIAN", "MODE")
VALUES ('2565', 'วิชาสามัญ BIOLOGY', 100, 36729, 23005, 13724, 70, 30, 67.425, 62.4525, 1, 100, 77, 57);


    --ปี2564 วิชา gat / pat / วิชาสามัญ 
INSERT INTO SUBJECT_STAT ("YEAR", SUBJECT_ID, TOTAL_SCORE, ATTENDANT, FEMALE, MALE, NEW_APPLICANT, OLD_APPLICANT, MEAN, SD, "MIN", "MAX", "MEDIAN", "MODE")
VALUES ('2564', 'GAT', 300, 41342, 25703, 15639, 32, 68, 123.456, 52.552, 0, 298, 125, 254);
INSERT INTO SUBJECT_STAT ("YEAR", SUBJECT_ID, TOTAL_SCORE, ATTENDANT, FEMALE, MALE, NEW_APPLICANT, OLD_APPLICANT, MEAN, SD, "MIN", "MAX", "MEDIAN", "MODE")
VALUES ('2564', 'PAT1', 300, 36694, 22893, 13801, 28, 62, 10.454, 125.255, 0, 274, 185, 120);
INSERT INTO SUBJECT_STAT ("YEAR", SUBJECT_ID, TOTAL_SCORE, ATTENDANT, FEMALE, MALE, NEW_APPLICANT, OLD_APPLICANT, MEAN, SD, "MIN", "MAX", "MEDIAN", "MODE")
VALUES ('2564', 'PAT2', 300, 45050, 28188, 16862, 34, 76, 52.7525, 83.425, 0, 255, 155, 122);
INSERT INTO SUBJECT_STAT ("YEAR", SUBJECT_ID, TOTAL_SCORE, ATTENDANT, FEMALE, MALE, NEW_APPLICANT, OLD_APPLICANT, MEAN, SD, "MIN", "MAX", "MEDIAN", "MODE")
VALUES ('2564', 'PAT3', 300, 30515, 19072, 11443, 23, 51, 63.42, 85.523, 15, 300, 123, 87);
INSERT INTO SUBJECT_STAT ("YEAR", SUBJECT_ID, TOTAL_SCORE, ATTENDANT, FEMALE, MALE, NEW_APPLICANT, OLD_APPLICANT, MEAN, SD, "MIN", "MAX", "MEDIAN", "MODE")
VALUES ('2564', 'PAT4', 300, 46723, 29201, 17522, 35, 78, 15.7452, 75.652, 15, 300, 22, 92);
INSERT INTO SUBJECT_STAT ("YEAR", SUBJECT_ID, TOTAL_SCORE, ATTENDANT, FEMALE, MALE, NEW_APPLICANT, OLD_APPLICANT, MEAN, SD, "MIN", "MAX", "MEDIAN", "MODE")
VALUES ('2564', 'PAT5', 300, 33500, 20937, 12563, 26, 58, 25.45, 95.725, 15, 300, 99, 115);
INSERT INTO SUBJECT_STAT ("YEAR", SUBJECT_ID, TOTAL_SCORE, ATTENDANT, FEMALE, MALE, NEW_APPLICANT, OLD_APPLICANT, MEAN, SD, "MIN", "MAX", "MEDIAN", "MODE")
VALUES ('2564', 'PAT6', 300, 47779, 29862, 17917, 36, 80, 55.452, 125.625, 0, 285, 25, 99);
INSERT INTO SUBJECT_STAT ("YEAR", SUBJECT_ID, TOTAL_SCORE, ATTENDANT, FEMALE, MALE, NEW_APPLICANT, OLD_APPLICANT, MEAN, SD, "MIN", "MAX", "MEDIAN", "MODE")
VALUES ('2564', 'PAT7', 300, 40563, 25361, 15202, 31, 69, 88.452, 45.725, 0, 222, 58, 152);
INSERT INTO SUBJECT_STAT ("YEAR", SUBJECT_ID, TOTAL_SCORE, ATTENDANT, FEMALE, MALE, NEW_APPLICANT, OLD_APPLICANT, MEAN, SD, "MIN", "MAX", "MEDIAN", "MODE")
VALUES ('2564', 'PAT7.1', 300, 35996, 22497, 13499, 28, 62, 88.5275, 85.565, 5, 275, 85, 189);
INSERT INTO SUBJECT_STAT ("YEAR", SUBJECT_ID, TOTAL_SCORE, ATTENDANT, FEMALE, MALE, NEW_APPLICANT, OLD_APPLICANT, MEAN, SD, "MIN", "MAX", "MEDIAN", "MODE")
VALUES ('2564', 'PAT7.2', 300, 47182, 29489, 17693, 36, 80, 99.725, 95.452, 5, 285, 28, 111);
INSERT INTO SUBJECT_STAT ("YEAR", SUBJECT_ID, TOTAL_SCORE, ATTENDANT, FEMALE, MALE, NEW_APPLICANT, OLD_APPLICANT, MEAN, SD, "MIN", "MAX", "MEDIAN", "MODE")
VALUES ('2564', 'PAT7.3', 300, 31994, 19996, 11998, 24, 54, 58.5247, 88.725, 5, 300, 29, 158);
INSERT INTO SUBJECT_STAT ("YEAR", SUBJECT_ID, TOTAL_SCORE, ATTENDANT, FEMALE, MALE, NEW_APPLICANT, OLD_APPLICANT, MEAN, SD, "MIN", "MAX", "MEDIAN", "MODE")
VALUES ('2564', 'PAT7.4', 300, 44344, 27684, 16660, 34, 76, 22.475, 99.452, 2, 299, 98, 252);
INSERT INTO SUBJECT_STAT ("YEAR", SUBJECT_ID, TOTAL_SCORE, ATTENDANT, FEMALE, MALE, NEW_APPLICANT, OLD_APPLICANT, MEAN, SD, "MIN", "MAX", "MEDIAN", "MODE")
VALUES ('2564', 'PAT7.5', 300, 38786, 24241, 14545, 30, 67, 29.6356, 75.742, 2, 78, 152, 111);
INSERT INTO SUBJECT_STAT ("YEAR", SUBJECT_ID, TOTAL_SCORE, ATTENDANT, FEMALE, MALE, NEW_APPLICANT, OLD_APPLICANT, MEAN, SD, "MIN", "MAX", "MEDIAN", "MODE")
VALUES ('2564', 'PAT7.6', 300, 42472, 26545, 15927, 32, 71, 27.252, 85.725, 2, 278, 145, 111);
INSERT INTO SUBJECT_STAT ("YEAR", SUBJECT_ID, TOTAL_SCORE, ATTENDANT, FEMALE, MALE, NEW_APPLICANT, OLD_APPLICANT, MEAN, SD, "MIN", "MAX", "MEDIAN", "MODE")
VALUES ('2564', 'วิชาสามัญ MATH1', 100, 36729, 23005, 13724, 49, 21, 26.425, 85.251, 2, 100, 25, 52);
INSERT INTO SUBJECT_STAT ("YEAR", SUBJECT_ID, TOTAL_SCORE, ATTENDANT, FEMALE, MALE, NEW_APPLICANT, OLD_APPLICANT, MEAN, SD, "MIN", "MAX", "MEDIAN", "MODE")
VALUES ('2564', 'วิชาสามัญ MATH2', 100, 4659, 2908, 1751, 49, 21, 11.525, 85.4525, 2, 100, 45, 17);
INSERT INTO SUBJECT_STAT ("YEAR", SUBJECT_ID, TOTAL_SCORE, ATTENDANT, FEMALE, MALE, NEW_APPLICANT, OLD_APPLICANT, MEAN, SD, "MIN", "MAX", "MEDIAN", "MODE")
VALUES ('2564', 'วิชาสามัญ SCIENCE', 100, 19651, 12282, 7369, 49, 21, 22.252, 46.4653, 2, 100, 25, 25);
INSERT INTO SUBJECT_STAT ("YEAR", SUBJECT_ID, TOTAL_SCORE, ATTENDANT, FEMALE, MALE, NEW_APPLICANT, OLD_APPLICANT, MEAN, SD, "MIN", "MAX", "MEDIAN", "MODE")
VALUES ('2564', 'วิชาสามัญ THAI', 100, 36729, 23005, 13724, 49, 21, 52.255, 75.525, 0, 99, 15, 36);
INSERT INTO SUBJECT_STAT ("YEAR", SUBJECT_ID, TOTAL_SCORE, ATTENDANT, FEMALE, MALE, NEW_APPLICANT, OLD_APPLICANT, MEAN, SD, "MIN", "MAX", "MEDIAN", "MODE")
VALUES ('2564', 'วิชาสามัญ SOCIAL STUDY', 100, 36729, 23005, 13724, 49, 21, 25.86, 92.425, 0, 98, 62, 52);
INSERT INTO SUBJECT_STAT ("YEAR", SUBJECT_ID, TOTAL_SCORE, ATTENDANT, FEMALE, MALE, NEW_APPLICANT, OLD_APPLICANT, MEAN, SD, "MIN", "MAX", "MEDIAN", "MODE")
VALUES ('2564', 'วิชาสามัญ ENGLISH', 100, 36729, 23005, 13724, 49, 21, 58.5252, 85.254, 0, 99, 85, 45);
INSERT INTO SUBJECT_STAT ("YEAR", SUBJECT_ID, TOTAL_SCORE, ATTENDANT, FEMALE, MALE, NEW_APPLICANT, OLD_APPLICANT, MEAN, SD, "MIN", "MAX", "MEDIAN", "MODE")
VALUES ('2564', 'วิชาสามัญ PHYSICS', 100, 36729, 23005, 13724, 49, 21, 44.525, 79.452, 0, 97, 25, 85);
INSERT INTO SUBJECT_STAT ("YEAR", SUBJECT_ID, TOTAL_SCORE, ATTENDANT, FEMALE, MALE, NEW_APPLICANT, OLD_APPLICANT, MEAN, SD, "MIN", "MAX", "MEDIAN", "MODE")
VALUES ('2564', 'วิชาสามัญ CHEMISTRY', 100, 36729, 23005, 13724, 49, 21, 25.2552, 75.385, 0, 97, 44, 78);
INSERT INTO SUBJECT_STAT ("YEAR", SUBJECT_ID, TOTAL_SCORE, ATTENDANT, FEMALE, MALE, NEW_APPLICANT, OLD_APPLICANT, MEAN, SD, "MIN", "MAX", "MEDIAN", "MODE")
VALUES ('2564', 'วิชาสามัญ BIOLOGY', 100, 36729, 23005, 13724, 49, 21, 55.525, 45.525,0, 100, 52, 36);




-- STATISTIC TABLE แต่ละสาขา ใช้คะแนนไรบ้าง ก้เพิ่ม row ตามนั้น
    --ปี66 
        --วิทยาการคอมพิวเตอร์ มศว 
INSERT INTO  STATISTIC ( YEAR, UNI_ID, FACULTY_ID, DEPARTMENT_ID, SUBJECT_ID ) VALUES ('2566', 'SWU', 1, 1, 'TGAT');
INSERT INTO  STATISTIC ( YEAR, UNI_ID, FACULTY_ID, DEPARTMENT_ID, SUBJECT_ID ) VALUES ('2566', 'SWU', 1, 1, 'TPAT3');
        --สถาปัตย์ จุฬา
INSERT INTO  STATISTIC ( YEAR, UNI_ID, FACULTY_ID, DEPARTMENT_ID, SUBJECT_ID ) VALUES ('2566', 'CU', 2, 2, 'A-LEVEL MATH1');
INSERT INTO  STATISTIC ( YEAR, UNI_ID, FACULTY_ID, DEPARTMENT_ID, SUBJECT_ID ) VALUES ('2566', 'CU', 2, 2, 'A-LEVEL PHYSICS');
INSERT INTO  STATISTIC ( YEAR, UNI_ID, FACULTY_ID, DEPARTMENT_ID, SUBJECT_ID ) VALUES ('2566', 'CU', 2, 2, 'A-LEVEL ENGLISH');
INSERT INTO  STATISTIC ( YEAR, UNI_ID, FACULTY_ID, DEPARTMENT_ID, SUBJECT_ID ) VALUES ('2566', 'CU', 2, 2, 'TPAT4');
        --เภสัช ม.เกษตร
INSERT INTO  STATISTIC ( YEAR, UNI_ID, FACULTY_ID, DEPARTMENT_ID, SUBJECT_ID ) VALUES ('2566', 'KU', 3, 3, 'TPAT1');
INSERT INTO  STATISTIC ( YEAR, UNI_ID, FACULTY_ID, DEPARTMENT_ID, SUBJECT_ID ) VALUES ('2566', 'KU', 3, 3, 'A-LEVEL MATH1');
INSERT INTO  STATISTIC ( YEAR, UNI_ID, FACULTY_ID, DEPARTMENT_ID, SUBJECT_ID ) VALUES ('2566', 'KU', 3, 3, 'A-LEVEL MATH2');
INSERT INTO  STATISTIC ( YEAR, UNI_ID, FACULTY_ID, DEPARTMENT_ID, SUBJECT_ID ) VALUES ('2566', 'KU', 3, 3, 'A-LEVEL PHYSICS');
INSERT INTO  STATISTIC ( YEAR, UNI_ID, FACULTY_ID, DEPARTMENT_ID, SUBJECT_ID ) VALUES ('2566', 'KU', 3, 3, 'A-LEVEL CHEMISTRY');
INSERT INTO  STATISTIC ( YEAR, UNI_ID, FACULTY_ID, DEPARTMENT_ID, SUBJECT_ID ) VALUES ('2566', 'KU', 3, 3, 'A-LEVEL BIOLOGY');
INSERT INTO  STATISTIC ( YEAR, UNI_ID, FACULTY_ID, DEPARTMENT_ID, SUBJECT_ID ) VALUES ('2566', 'KU', 3, 3, 'A-LEVEL THAI');
INSERT INTO  STATISTIC ( YEAR, UNI_ID, FACULTY_ID, DEPARTMENT_ID, SUBJECT_ID ) VALUES ('2566', 'KU', 3, 3, 'A-LEVEL SOCIAL STUDY');
INSERT INTO  STATISTIC ( YEAR, UNI_ID, FACULTY_ID, DEPARTMENT_ID, SUBJECT_ID ) VALUES ('2566', 'KU', 3, 3, 'A-LEVEL ENGLISH');
        --วิศวะ มธ
INSERT INTO  STATISTIC ( YEAR, UNI_ID, FACULTY_ID, DEPARTMENT_ID, SUBJECT_ID ) VALUES ('2566', 'TU', 4, 4, 'TPAT3');
INSERT INTO  STATISTIC ( YEAR, UNI_ID, FACULTY_ID, DEPARTMENT_ID, SUBJECT_ID ) VALUES ('2566', 'TU', 4, 4, 'A-LEVEL PHYSICS');
INSERT INTO  STATISTIC ( YEAR, UNI_ID, FACULTY_ID, DEPARTMENT_ID, SUBJECT_ID ) VALUES ('2566', 'TU', 4, 4, 'A-LEVEL MATH1');
        --สหเวช มหิดล
INSERT INTO  STATISTIC ( YEAR, UNI_ID, FACULTY_ID, DEPARTMENT_ID, SUBJECT_ID ) VALUES ('2566', 'MU', 5, 5, 'TGAT');
INSERT INTO  STATISTIC ( YEAR, UNI_ID, FACULTY_ID, DEPARTMENT_ID, SUBJECT_ID ) VALUES ('2566', 'MU', 5, 5, 'A-LEVEL MATH1');
INSERT INTO  STATISTIC ( YEAR, UNI_ID, FACULTY_ID, DEPARTMENT_ID, SUBJECT_ID ) VALUES ('2566', 'MU', 5, 5, 'A-LEVEL CHEMISTRY');
INSERT INTO  STATISTIC ( YEAR, UNI_ID, FACULTY_ID, DEPARTMENT_ID, SUBJECT_ID ) VALUES ('2566', 'MU', 5, 5, 'A-LEVEL BIOLOGY');
INSERT INTO  STATISTIC ( YEAR, UNI_ID, FACULTY_ID, DEPARTMENT_ID, SUBJECT_ID ) VALUES ('2566', 'MU', 5, 5, 'A-LEVEL ENGLISH');
        --นิเทศ มช
INSERT INTO  STATISTIC ( YEAR, UNI_ID, FACULTY_ID, DEPARTMENT_ID, SUBJECT_ID ) VALUES ('2566', 'CMU', 6, 6, 'A-LEVEL MATH1');
INSERT INTO  STATISTIC ( YEAR, UNI_ID, FACULTY_ID, DEPARTMENT_ID, SUBJECT_ID ) VALUES ('2566', 'CMU', 6, 6, 'A-LEVEL PHYSICS');
INSERT INTO  STATISTIC ( YEAR, UNI_ID, FACULTY_ID, DEPARTMENT_ID, SUBJECT_ID ) VALUES ('2566', 'CMU', 6, 6, 'A-LEVEL CHEMISTRY');
INSERT INTO  STATISTIC ( YEAR, UNI_ID, FACULTY_ID, DEPARTMENT_ID, SUBJECT_ID ) VALUES ('2566', 'CMU', 6, 6, 'A-LEVEL BIOLOGY');
INSERT INTO  STATISTIC ( YEAR, UNI_ID, FACULTY_ID, DEPARTMENT_ID, SUBJECT_ID ) VALUES ('2566', 'CMU', 6, 6, 'A-LEVEL SOCIAL STUDY');
INSERT INTO  STATISTIC ( YEAR, UNI_ID, FACULTY_ID, DEPARTMENT_ID, SUBJECT_ID ) VALUES ('2566', 'CMU', 6, 6, 'A-LEVEL THAI');
INSERT INTO  STATISTIC ( YEAR, UNI_ID, FACULTY_ID, DEPARTMENT_ID, SUBJECT_ID ) VALUES ('2566', 'CMU', 6, 6, 'A-LEVEL ENGLISH');
        --รัฐศาสตร์ สจล
INSERT INTO  STATISTIC ( YEAR, UNI_ID, FACULTY_ID, DEPARTMENT_ID, SUBJECT_ID ) VALUES ('2566', 'KMITL', 7, 7, 'A-LEVEL SOCIAL STUDY');
INSERT INTO  STATISTIC ( YEAR, UNI_ID, FACULTY_ID, DEPARTMENT_ID, SUBJECT_ID ) VALUES ('2566', 'KMITL', 7, 7, 'A-LEVEL THAI');
INSERT INTO  STATISTIC ( YEAR, UNI_ID, FACULTY_ID, DEPARTMENT_ID, SUBJECT_ID ) VALUES ('2566', 'KMITL', 7, 7, 'A-LEVEL ENGLISH');
        --มนุด มอบูรพา
INSERT INTO  STATISTIC ( YEAR, UNI_ID, FACULTY_ID, DEPARTMENT_ID, SUBJECT_ID ) VALUES ('2566', 'BUU', 8, 8, 'TPAT2');
INSERT INTO  STATISTIC ( YEAR, UNI_ID, FACULTY_ID, DEPARTMENT_ID, SUBJECT_ID ) VALUES ('2566', 'BUU', 8, 8, 'A-LEVEL ENGLISH');
INSERT INTO  STATISTIC ( YEAR, UNI_ID, FACULTY_ID, DEPARTMENT_ID, SUBJECT_ID ) VALUES ('2566', 'BUU', 8, 8, 'A-LEVEL SOCIAL STUDY');
INSERT INTO  STATISTIC ( YEAR, UNI_ID, FACULTY_ID, DEPARTMENT_ID, SUBJECT_ID ) VALUES ('2566', 'BUU', 8, 8, 'A-LEVEL THAI');
        --นิติ มข
INSERT INTO  STATISTIC ( YEAR, UNI_ID, FACULTY_ID, DEPARTMENT_ID, SUBJECT_ID ) VALUES ('2566', 'KKU', 9, 9, 'A-LEVEL THAI');
INSERT INTO  STATISTIC ( YEAR, UNI_ID, FACULTY_ID, DEPARTMENT_ID, SUBJECT_ID ) VALUES ('2566', 'KKU', 9, 9, 'A-LEVEL ENGLISH');
INSERT INTO  STATISTIC ( YEAR, UNI_ID, FACULTY_ID, DEPARTMENT_ID, SUBJECT_ID ) VALUES ('2566', 'KKU', 9, 9, 'TPAT3');
INSERT INTO  STATISTIC ( YEAR, UNI_ID, FACULTY_ID, DEPARTMENT_ID, SUBJECT_ID ) VALUES ('2566', 'KKU', 9, 9, 'A-LEVEL MATH1');
        --พยาบาล kmutt
INSERT INTO  STATISTIC ( YEAR, UNI_ID, FACULTY_ID, DEPARTMENT_ID, SUBJECT_ID ) VALUES ('2566', 'KMUTT', 10, 10, 'TGAT');
INSERT INTO  STATISTIC ( YEAR, UNI_ID, FACULTY_ID, DEPARTMENT_ID, SUBJECT_ID ) VALUES ('2566', 'KMUTT', 10, 10, 'A-LEVEL MATH1');
INSERT INTO  STATISTIC ( YEAR, UNI_ID, FACULTY_ID, DEPARTMENT_ID, SUBJECT_ID ) VALUES ('2566', 'KMUTT', 10, 10, 'A-LEVEL CHEMISTRY');
INSERT INTO  STATISTIC ( YEAR, UNI_ID, FACULTY_ID, DEPARTMENT_ID, SUBJECT_ID ) VALUES ('2566', 'KMUTT', 10, 10, 'A-LEVEL BIOLOGY');
INSERT INTO  STATISTIC ( YEAR, UNI_ID, FACULTY_ID, DEPARTMENT_ID, SUBJECT_ID ) VALUES ('2566', 'KMUTT', 10, 10, 'A-LEVEL ENGLISH');

    --ปี65 60 rows checked
        --วิทยาการคอมพิวเตอร์ มศว
INSERT INTO STATISTIC (YEAR, UNI_ID, FACULTY_ID, DEPARTMENT_ID, SUBJECT_ID) VALUES ('2565', 'SWU', 1, 1, 'GAT');
INSERT INTO STATISTIC (YEAR, UNI_ID, FACULTY_ID, DEPARTMENT_ID, SUBJECT_ID) VALUES ('2565', 'SWU', 1, 1, 'PAT1');
INSERT INTO STATISTIC (YEAR, UNI_ID, FACULTY_ID, DEPARTMENT_ID, SUBJECT_ID) VALUES ('2565', 'SWU', 1, 1, 'PAT2');
        --สถาปัตย์ ออกแบบภายใน จุฬา
INSERT INTO  STATISTIC ( YEAR, UNI_ID, FACULTY_ID, DEPARTMENT_ID, SUBJECT_ID ) VALUES ('2565', 'CU', 2, 2, 'วิชาสามัญ ENGLISH');
INSERT INTO  STATISTIC ( YEAR, UNI_ID, FACULTY_ID, DEPARTMENT_ID, SUBJECT_ID ) VALUES ('2565', 'CU', 2, 2, 'วิชาสามัญ MATH1');
INSERT INTO  STATISTIC ( YEAR, UNI_ID, FACULTY_ID, DEPARTMENT_ID, SUBJECT_ID ) VALUES ('2565', 'CU', 2, 2, 'วิชาสามัญ THAI');
INSERT INTO  STATISTIC ( YEAR, UNI_ID, FACULTY_ID, DEPARTMENT_ID, SUBJECT_ID ) VALUES ('2565', 'CU', 2, 2, 'วิชาสามัญ SOCIAL STUDY');
INSERT INTO  STATISTIC ( YEAR, UNI_ID, FACULTY_ID, DEPARTMENT_ID, SUBJECT_ID ) VALUES ('2565', 'CU', 2, 2, 'วิชาสามัญ PHYSICS');
INSERT INTO  STATISTIC ( YEAR, UNI_ID, FACULTY_ID, DEPARTMENT_ID, SUBJECT_ID ) VALUES ('2565', 'CU', 2, 2, 'GAT');
INSERT INTO  STATISTIC ( YEAR, UNI_ID, FACULTY_ID, DEPARTMENT_ID, SUBJECT_ID ) VALUES ('2565', 'CU', 2, 2, 'PAT4'); 
        --เภสัช ม.เกษตร
INSERT INTO  STATISTIC ( YEAR, UNI_ID, FACULTY_ID, DEPARTMENT_ID, SUBJECT_ID ) VALUES ('2565', 'KU', 3, 3, 'PAT1');
INSERT INTO  STATISTIC ( YEAR, UNI_ID, FACULTY_ID, DEPARTMENT_ID, SUBJECT_ID ) VALUES ('2565', 'KU', 3, 3, 'PAT2');
INSERT INTO  STATISTIC ( YEAR, UNI_ID, FACULTY_ID, DEPARTMENT_ID, SUBJECT_ID ) VALUES ('2565', 'KU', 3, 3, 'GAT');
INSERT INTO  STATISTIC ( YEAR, UNI_ID, FACULTY_ID, DEPARTMENT_ID, SUBJECT_ID ) VALUES ('2565', 'KU', 3, 3, 'วิชาสามัญ MATH1');
INSERT INTO  STATISTIC ( YEAR, UNI_ID, FACULTY_ID, DEPARTMENT_ID, SUBJECT_ID ) VALUES ('2565', 'KU', 3, 3, 'วิชาสามัญ MATH2');
INSERT INTO  STATISTIC ( YEAR, UNI_ID, FACULTY_ID, DEPARTMENT_ID, SUBJECT_ID ) VALUES ('2565', 'KU', 3, 3, 'วิชาสามัญ PHYSICS');
INSERT INTO  STATISTIC ( YEAR, UNI_ID, FACULTY_ID, DEPARTMENT_ID, SUBJECT_ID ) VALUES ('2565', 'KU', 3, 3, 'วิชาสามัญ CHEMISTRY');
INSERT INTO  STATISTIC ( YEAR, UNI_ID, FACULTY_ID, DEPARTMENT_ID, SUBJECT_ID ) VALUES ('2565', 'KU', 3, 3, 'วิชาสามัญ BIOLOGY');
INSERT INTO  STATISTIC ( YEAR, UNI_ID, FACULTY_ID, DEPARTMENT_ID, SUBJECT_ID ) VALUES ('2565', 'KU', 3, 3, 'วิชาสามัญ THAI');
INSERT INTO  STATISTIC ( YEAR, UNI_ID, FACULTY_ID, DEPARTMENT_ID, SUBJECT_ID ) VALUES ('2565', 'KU', 3, 3, 'วิชาสามัญ SOCIAL STUDY');
INSERT INTO  STATISTIC ( YEAR, UNI_ID, FACULTY_ID, DEPARTMENT_ID, SUBJECT_ID ) VALUES ('2565', 'KU', 3, 3, 'วิชาสามัญ ENGLISH');
        --วิศวะ มธ
INSERT INTO  STATISTIC ( YEAR, UNI_ID, FACULTY_ID, DEPARTMENT_ID, SUBJECT_ID ) VALUES ('2565', 'TU', 4, 4, 'PAT1');
INSERT INTO  STATISTIC ( YEAR, UNI_ID, FACULTY_ID, DEPARTMENT_ID, SUBJECT_ID ) VALUES ('2565', 'TU', 4, 4, 'PAT3');
INSERT INTO  STATISTIC ( YEAR, UNI_ID, FACULTY_ID, DEPARTMENT_ID, SUBJECT_ID ) VALUES ('2565', 'TU', 4, 4, 'GAT');
INSERT INTO  STATISTIC ( YEAR, UNI_ID, FACULTY_ID, DEPARTMENT_ID, SUBJECT_ID ) VALUES ('2565', 'TU', 4, 4, 'วิชาสามัญ PHYSICS');
INSERT INTO  STATISTIC ( YEAR, UNI_ID, FACULTY_ID, DEPARTMENT_ID, SUBJECT_ID ) VALUES ('2565', 'TU', 4, 4, 'วิชาสามัญ MATH1');
        --สหเวช มหิดล
INSERT INTO  STATISTIC ( YEAR, UNI_ID, FACULTY_ID, DEPARTMENT_ID, SUBJECT_ID ) VALUES ('2565', 'MU', 5, 5, 'GAT');
INSERT INTO  STATISTIC ( YEAR, UNI_ID, FACULTY_ID, DEPARTMENT_ID, SUBJECT_ID ) VALUES ('2565', 'MU', 5, 5, 'PAT1');
INSERT INTO  STATISTIC ( YEAR, UNI_ID, FACULTY_ID, DEPARTMENT_ID, SUBJECT_ID ) VALUES ('2565', 'MU', 5, 5, 'PAT2');
INSERT INTO  STATISTIC ( YEAR, UNI_ID, FACULTY_ID, DEPARTMENT_ID, SUBJECT_ID ) VALUES ('2565', 'MU', 5, 5, 'วิชาสามัญ MATH1');
INSERT INTO  STATISTIC ( YEAR, UNI_ID, FACULTY_ID, DEPARTMENT_ID, SUBJECT_ID ) VALUES ('2565', 'MU', 5, 5, 'วิชาสามัญ CHEMISTRY');
INSERT INTO  STATISTIC ( YEAR, UNI_ID, FACULTY_ID, DEPARTMENT_ID, SUBJECT_ID ) VALUES ('2565', 'MU', 5, 5, 'วิชาสามัญ BIOLOGY');
INSERT INTO  STATISTIC ( YEAR, UNI_ID, FACULTY_ID, DEPARTMENT_ID, SUBJECT_ID ) VALUES ('2565', 'MU', 5, 5, 'วิชาสามัญ ENGLISH');
        --นิเทศ มช
INSERT INTO  STATISTIC ( YEAR, UNI_ID, FACULTY_ID, DEPARTMENT_ID, SUBJECT_ID ) VALUES ('2565', 'CMU', 6, 6, 'GAT');
INSERT INTO  STATISTIC ( YEAR, UNI_ID, FACULTY_ID, DEPARTMENT_ID, SUBJECT_ID ) VALUES ('2565', 'CMU', 6, 6, 'วิชาสามัญ MATH1');
INSERT INTO  STATISTIC ( YEAR, UNI_ID, FACULTY_ID, DEPARTMENT_ID, SUBJECT_ID ) VALUES ('2565', 'CMU', 6, 6, 'วิชาสามัญ PHYSICS');
INSERT INTO  STATISTIC ( YEAR, UNI_ID, FACULTY_ID, DEPARTMENT_ID, SUBJECT_ID ) VALUES ('2565', 'CMU', 6, 6, 'วิชาสามัญ CHEMISTRY');
INSERT INTO  STATISTIC ( YEAR, UNI_ID, FACULTY_ID, DEPARTMENT_ID, SUBJECT_ID ) VALUES ('2565', 'CMU', 6, 6, 'วิชาสามัญ BIOLOGY');
INSERT INTO  STATISTIC ( YEAR, UNI_ID, FACULTY_ID, DEPARTMENT_ID, SUBJECT_ID ) VALUES ('2565', 'CMU', 6, 6, 'วิชาสามัญ SOCIAL STUDY');
INSERT INTO  STATISTIC ( YEAR, UNI_ID, FACULTY_ID, DEPARTMENT_ID, SUBJECT_ID ) VALUES ('2565', 'CMU', 6, 6, 'วิชาสามัญ THAI');
INSERT INTO  STATISTIC ( YEAR, UNI_ID, FACULTY_ID, DEPARTMENT_ID, SUBJECT_ID ) VALUES ('2565', 'CMU', 6, 6, 'วิชาสามัญ ENGLISH');
        --รัฐศาสตร์ สจล
INSERT INTO  STATISTIC ( YEAR, UNI_ID, FACULTY_ID, DEPARTMENT_ID, SUBJECT_ID ) VALUES ('2565', 'KMITL', 7, 7, 'GAT');
INSERT INTO  STATISTIC ( YEAR, UNI_ID, FACULTY_ID, DEPARTMENT_ID, SUBJECT_ID ) VALUES ('2565', 'KMITL', 7, 7, 'วิชาสามัญ SOCIAL STUDY');
INSERT INTO  STATISTIC ( YEAR, UNI_ID, FACULTY_ID, DEPARTMENT_ID, SUBJECT_ID ) VALUES ('2565', 'KMITL', 7, 7, 'วิชาสามัญ THAI');
INSERT INTO  STATISTIC ( YEAR, UNI_ID, FACULTY_ID, DEPARTMENT_ID, SUBJECT_ID ) VALUES ('2565', 'KMITL', 7, 7, 'วิชาสามัญ ENGLISH');
INSERT INTO  STATISTIC ( YEAR, UNI_ID, FACULTY_ID, DEPARTMENT_ID, SUBJECT_ID ) VALUES ('2565', 'KMITL', 7, 7, 'PAT7.6');
        --มนุด มอบูรพา
INSERT INTO  STATISTIC ( YEAR, UNI_ID, FACULTY_ID, DEPARTMENT_ID, SUBJECT_ID ) VALUES ('2565', 'BUU', 8, 8, 'GAT');
INSERT INTO  STATISTIC ( YEAR, UNI_ID, FACULTY_ID, DEPARTMENT_ID, SUBJECT_ID ) VALUES ('2565', 'BUU', 8, 8, 'PAT6');
INSERT INTO  STATISTIC ( YEAR, UNI_ID, FACULTY_ID, DEPARTMENT_ID, SUBJECT_ID ) VALUES ('2565', 'BUU', 8, 8, 'วิชาสามัญ ENGLISH');
INSERT INTO  STATISTIC ( YEAR, UNI_ID, FACULTY_ID, DEPARTMENT_ID, SUBJECT_ID ) VALUES ('2565', 'BUU', 8, 8, 'วิชาสามัญ SOCIAL STUDY');
INSERT INTO  STATISTIC ( YEAR, UNI_ID, FACULTY_ID, DEPARTMENT_ID, SUBJECT_ID ) VALUES ('2565', 'BUU', 8, 8,'วิชาสามัญ THAI');
        --นิติ มข
INSERT INTO  STATISTIC ( YEAR, UNI_ID, FACULTY_ID, DEPARTMENT_ID, SUBJECT_ID ) VALUES ('2565', 'KKU', 9, 9, 'วิชาสามัญ THAI');
INSERT INTO  STATISTIC ( YEAR, UNI_ID, FACULTY_ID, DEPARTMENT_ID, SUBJECT_ID ) VALUES ('2565', 'KKU', 9, 9, 'วิชาสามัญ ENGLISH');
INSERT INTO  STATISTIC ( YEAR, UNI_ID, FACULTY_ID, DEPARTMENT_ID, SUBJECT_ID ) VALUES ('2565', 'KKU', 9, 9, 'PAT1');
INSERT INTO  STATISTIC ( YEAR, UNI_ID, FACULTY_ID, DEPARTMENT_ID, SUBJECT_ID ) VALUES ('2565', 'KKU', 9, 9, 'วิชาสามัญ MATH1');
        --พยาบาล kmutt
INSERT INTO  STATISTIC ( YEAR, UNI_ID, FACULTY_ID, DEPARTMENT_ID, SUBJECT_ID ) VALUES ('2565', 'KMUTT', 10, 10, 'GAT');
INSERT INTO  STATISTIC ( YEAR, UNI_ID, FACULTY_ID, DEPARTMENT_ID, SUBJECT_ID ) VALUES ('2565', 'KMUTT', 10, 10, 'วิชาสามัญ MATH1');
INSERT INTO  STATISTIC ( YEAR, UNI_ID, FACULTY_ID, DEPARTMENT_ID, SUBJECT_ID ) VALUES ('2565', 'KMUTT', 10, 10, 'วิชาสามัญ CHEMISTRY');
INSERT INTO  STATISTIC ( YEAR, UNI_ID, FACULTY_ID, DEPARTMENT_ID, SUBJECT_ID ) VALUES ('2565', 'KMUTT', 10, 10, 'วิชาสามัญ BIOLOGY');
INSERT INTO  STATISTIC ( YEAR, UNI_ID, FACULTY_ID, DEPARTMENT_ID, SUBJECT_ID ) VALUES ('2565', 'KMUTT', 10, 10, 'วิชาสามัญ ENGLISH');

    --ปี64 60 rows checked
        --วิทยาการคอมพิวเตอร์ มศว
INSERT INTO STATISTIC (YEAR, UNI_ID, FACULTY_ID, DEPARTMENT_ID, SUBJECT_ID) VALUES ('2564', 'SWU', 1, 1, 'GAT');
INSERT INTO STATISTIC (YEAR, UNI_ID, FACULTY_ID, DEPARTMENT_ID, SUBJECT_ID) VALUES ('2564', 'SWU', 1, 1, 'PAT1');
INSERT INTO STATISTIC (YEAR, UNI_ID, FACULTY_ID, DEPARTMENT_ID, SUBJECT_ID) VALUES ('2564', 'SWU', 1, 1, 'PAT2');
        --สถาปัตย์ ออกแบบภายใน จุฬา
INSERT INTO  STATISTIC ( YEAR, UNI_ID, FACULTY_ID, DEPARTMENT_ID, SUBJECT_ID ) VALUES ('2564', 'CU', 2, 2, 'วิชาสามัญ ENGLISH');
INSERT INTO  STATISTIC ( YEAR, UNI_ID, FACULTY_ID, DEPARTMENT_ID, SUBJECT_ID ) VALUES ('2564', 'CU', 2, 2, 'วิชาสามัญ MATH1');
INSERT INTO  STATISTIC ( YEAR, UNI_ID, FACULTY_ID, DEPARTMENT_ID, SUBJECT_ID ) VALUES ('2564', 'CU', 2, 2, 'วิชาสามัญ THAI');
INSERT INTO  STATISTIC ( YEAR, UNI_ID, FACULTY_ID, DEPARTMENT_ID, SUBJECT_ID ) VALUES ('2564', 'CU', 2, 2, 'วิชาสามัญ SOCIAL STUDY');
INSERT INTO  STATISTIC ( YEAR, UNI_ID, FACULTY_ID, DEPARTMENT_ID, SUBJECT_ID ) VALUES ('2564', 'CU', 2, 2, 'วิชาสามัญ PHYSICS');
INSERT INTO  STATISTIC ( YEAR, UNI_ID, FACULTY_ID, DEPARTMENT_ID, SUBJECT_ID ) VALUES ('2564', 'CU', 2, 2, 'GAT');
INSERT INTO  STATISTIC ( YEAR, UNI_ID, FACULTY_ID, DEPARTMENT_ID, SUBJECT_ID ) VALUES ('2564', 'CU', 2, 2, 'PAT4');
        --เภสัช ม.เกษตร
INSERT INTO  STATISTIC ( YEAR, UNI_ID, FACULTY_ID, DEPARTMENT_ID, SUBJECT_ID ) VALUES ('2564', 'KU', 3, 3, 'PAT1');
INSERT INTO  STATISTIC ( YEAR, UNI_ID, FACULTY_ID, DEPARTMENT_ID, SUBJECT_ID ) VALUES ('2564', 'KU', 3, 3, 'PAT2');
INSERT INTO  STATISTIC ( YEAR, UNI_ID, FACULTY_ID, DEPARTMENT_ID, SUBJECT_ID ) VALUES ('2564', 'KU', 3, 3, 'GAT');
INSERT INTO  STATISTIC ( YEAR, UNI_ID, FACULTY_ID, DEPARTMENT_ID, SUBJECT_ID ) VALUES ('2564', 'KU', 3, 3, 'วิชาสามัญ MATH1');
INSERT INTO  STATISTIC ( YEAR, UNI_ID, FACULTY_ID, DEPARTMENT_ID, SUBJECT_ID ) VALUES ('2564', 'KU', 3, 3, 'วิชาสามัญ MATH2');
INSERT INTO  STATISTIC ( YEAR, UNI_ID, FACULTY_ID, DEPARTMENT_ID, SUBJECT_ID ) VALUES ('2564', 'KU', 3, 3, 'วิชาสามัญ PHYSICS');
INSERT INTO  STATISTIC ( YEAR, UNI_ID, FACULTY_ID, DEPARTMENT_ID, SUBJECT_ID ) VALUES ('2564', 'KU', 3, 3, 'วิชาสามัญ CHEMISTRY');
INSERT INTO  STATISTIC ( YEAR, UNI_ID, FACULTY_ID, DEPARTMENT_ID, SUBJECT_ID ) VALUES ('2564', 'KU', 3, 3, 'วิชาสามัญ BIOLOGY');
INSERT INTO  STATISTIC ( YEAR, UNI_ID, FACULTY_ID, DEPARTMENT_ID, SUBJECT_ID ) VALUES ('2564', 'KU', 3, 3, 'วิชาสามัญ THAI');
INSERT INTO  STATISTIC ( YEAR, UNI_ID, FACULTY_ID, DEPARTMENT_ID, SUBJECT_ID ) VALUES ('2564', 'KU', 3, 3, 'วิชาสามัญ SOCIAL STUDY');
INSERT INTO  STATISTIC ( YEAR, UNI_ID, FACULTY_ID, DEPARTMENT_ID, SUBJECT_ID ) VALUES ('2564', 'KU', 3, 3, 'วิชาสามัญ ENGLISH');
        --วิศวะ มธ
INSERT INTO  STATISTIC ( YEAR, UNI_ID, FACULTY_ID, DEPARTMENT_ID, SUBJECT_ID ) VALUES ('2564', 'TU', 4, 4, 'PAT1');
INSERT INTO  STATISTIC ( YEAR, UNI_ID, FACULTY_ID, DEPARTMENT_ID, SUBJECT_ID ) VALUES ('2564', 'TU', 4, 4, 'PAT3');
INSERT INTO  STATISTIC ( YEAR, UNI_ID, FACULTY_ID, DEPARTMENT_ID, SUBJECT_ID ) VALUES ('2564', 'TU', 4, 4, 'GAT');
INSERT INTO  STATISTIC ( YEAR, UNI_ID, FACULTY_ID, DEPARTMENT_ID, SUBJECT_ID ) VALUES ('2564', 'TU', 4, 4, 'วิชาสามัญ PHYSICS');
INSERT INTO  STATISTIC ( YEAR, UNI_ID, FACULTY_ID, DEPARTMENT_ID, SUBJECT_ID ) VALUES ('2564', 'TU', 4, 4, 'วิชาสามัญ MATH1');
        --สหเวช มหิดล
INSERT INTO  STATISTIC ( YEAR, UNI_ID, FACULTY_ID, DEPARTMENT_ID, SUBJECT_ID ) VALUES ('2564', 'MU', 5, 5, 'GAT');
INSERT INTO  STATISTIC ( YEAR, UNI_ID, FACULTY_ID, DEPARTMENT_ID, SUBJECT_ID ) VALUES ('2564', 'MU', 5, 5, 'PAT1');
INSERT INTO  STATISTIC ( YEAR, UNI_ID, FACULTY_ID, DEPARTMENT_ID, SUBJECT_ID ) VALUES ('2564', 'MU', 5, 5, 'PAT2');
INSERT INTO  STATISTIC ( YEAR, UNI_ID, FACULTY_ID, DEPARTMENT_ID, SUBJECT_ID ) VALUES ('2564', 'MU', 5, 5, 'วิชาสามัญ MATH1');
INSERT INTO  STATISTIC ( YEAR, UNI_ID, FACULTY_ID, DEPARTMENT_ID, SUBJECT_ID ) VALUES ('2564', 'MU', 5, 5, 'วิชาสามัญ CHEMISTRY');
INSERT INTO  STATISTIC ( YEAR, UNI_ID, FACULTY_ID, DEPARTMENT_ID, SUBJECT_ID ) VALUES ('2564', 'MU', 5, 5, 'วิชาสามัญ BIOLOGY');
INSERT INTO  STATISTIC ( YEAR, UNI_ID, FACULTY_ID, DEPARTMENT_ID, SUBJECT_ID ) VALUES ('2564', 'MU', 5, 5, 'วิชาสามัญ ENGLISH');
        --นิเทศ มช
INSERT INTO  STATISTIC ( YEAR, UNI_ID, FACULTY_ID, DEPARTMENT_ID, SUBJECT_ID ) VALUES ('2564', 'CMU', 6, 6, 'GAT');
INSERT INTO  STATISTIC ( YEAR, UNI_ID, FACULTY_ID, DEPARTMENT_ID, SUBJECT_ID ) VALUES ('2564', 'CMU', 6, 6, 'วิชาสามัญ MATH1');
INSERT INTO  STATISTIC ( YEAR, UNI_ID, FACULTY_ID, DEPARTMENT_ID, SUBJECT_ID ) VALUES ('2564', 'CMU', 6, 6, 'วิชาสามัญ PHYSICS');
INSERT INTO  STATISTIC ( YEAR, UNI_ID, FACULTY_ID, DEPARTMENT_ID, SUBJECT_ID ) VALUES ('2564', 'CMU', 6, 6, 'วิชาสามัญ CHEMISTRY');
INSERT INTO  STATISTIC ( YEAR, UNI_ID, FACULTY_ID, DEPARTMENT_ID, SUBJECT_ID ) VALUES ('2564', 'CMU', 6, 6, 'วิชาสามัญ BIOLOGY');
INSERT INTO  STATISTIC ( YEAR, UNI_ID, FACULTY_ID, DEPARTMENT_ID, SUBJECT_ID ) VALUES ('2564', 'CMU', 6, 6, 'วิชาสามัญ SOCIAL STUDY');
INSERT INTO  STATISTIC ( YEAR, UNI_ID, FACULTY_ID, DEPARTMENT_ID, SUBJECT_ID ) VALUES ('2564', 'CMU', 6, 6, 'วิชาสามัญ THAI');
INSERT INTO  STATISTIC ( YEAR, UNI_ID, FACULTY_ID, DEPARTMENT_ID, SUBJECT_ID ) VALUES ('2564', 'CMU', 6, 6, 'วิชาสามัญ ENGLISH');
        --รัฐศาสตร์ สจล
INSERT INTO  STATISTIC ( YEAR, UNI_ID, FACULTY_ID, DEPARTMENT_ID, SUBJECT_ID ) VALUES ('2564', 'KMITL', 7, 7, 'GAT');
INSERT INTO  STATISTIC ( YEAR, UNI_ID, FACULTY_ID, DEPARTMENT_ID, SUBJECT_ID ) VALUES ('2564', 'KMITL', 7, 7, 'วิชาสามัญ SOCIAL STUDY');
INSERT INTO  STATISTIC ( YEAR, UNI_ID, FACULTY_ID, DEPARTMENT_ID, SUBJECT_ID ) VALUES ('2564', 'KMITL', 7, 7, 'วิชาสามัญ THAI');
INSERT INTO  STATISTIC ( YEAR, UNI_ID, FACULTY_ID, DEPARTMENT_ID, SUBJECT_ID ) VALUES ('2564', 'KMITL', 7, 7, 'วิชาสามัญ ENGLISH');
INSERT INTO  STATISTIC ( YEAR, UNI_ID, FACULTY_ID, DEPARTMENT_ID, SUBJECT_ID ) VALUES ('2564', 'KMITL', 7, 7, 'PAT7.6');
        --มนุด มอบูรพา
INSERT INTO  STATISTIC ( YEAR, UNI_ID, FACULTY_ID, DEPARTMENT_ID, SUBJECT_ID ) VALUES ('2564', 'BUU', 8, 8, 'GAT');
INSERT INTO  STATISTIC ( YEAR, UNI_ID, FACULTY_ID, DEPARTMENT_ID, SUBJECT_ID ) VALUES ('2564', 'BUU', 8, 8, 'PAT6');
INSERT INTO  STATISTIC ( YEAR, UNI_ID, FACULTY_ID, DEPARTMENT_ID, SUBJECT_ID ) VALUES ('2564', 'BUU', 8, 8, 'วิชาสามัญ ENGLISH');
INSERT INTO  STATISTIC ( YEAR, UNI_ID, FACULTY_ID, DEPARTMENT_ID, SUBJECT_ID ) VALUES ('2564', 'BUU', 8, 8, 'วิชาสามัญ SOCIAL STUDY');
INSERT INTO  STATISTIC ( YEAR, UNI_ID, FACULTY_ID, DEPARTMENT_ID, SUBJECT_ID ) VALUES ('2564', 'BUU', 8, 8, 'วิชาสามัญ THAI');
        --นิติ มข
INSERT INTO  STATISTIC ( YEAR, UNI_ID, FACULTY_ID, DEPARTMENT_ID, SUBJECT_ID ) VALUES ('2564', 'KKU', 9, 9, 'วิชาสามัญ THAI');
INSERT INTO  STATISTIC ( YEAR, UNI_ID, FACULTY_ID, DEPARTMENT_ID, SUBJECT_ID ) VALUES ('2564', 'KKU', 9, 9, 'วิชาสามัญ ENGLISH');
INSERT INTO  STATISTIC ( YEAR, UNI_ID, FACULTY_ID, DEPARTMENT_ID, SUBJECT_ID ) VALUES ('2564', 'KKU', 9, 9, 'PAT1');
INSERT INTO  STATISTIC ( YEAR, UNI_ID, FACULTY_ID, DEPARTMENT_ID, SUBJECT_ID ) VALUES ('2564', 'KKU', 9, 9, 'วิชาสามัญ MATH1');
        --พยาบาล kmutt
INSERT INTO  STATISTIC ( YEAR, UNI_ID, FACULTY_ID, DEPARTMENT_ID, SUBJECT_ID ) VALUES ('2564', 'KMUTT', 10, 10, 'GAT');
INSERT INTO  STATISTIC ( YEAR, UNI_ID, FACULTY_ID, DEPARTMENT_ID, SUBJECT_ID ) VALUES ('2564', 'KMUTT', 10, 10, 'วิชาสามัญ MATH1');
INSERT INTO  STATISTIC ( YEAR, UNI_ID, FACULTY_ID, DEPARTMENT_ID, SUBJECT_ID ) VALUES ('2564', 'KMUTT', 10, 10, 'วิชาสามัญ CHEMISTRY');
INSERT INTO  STATISTIC ( YEAR, UNI_ID, FACULTY_ID, DEPARTMENT_ID, SUBJECT_ID ) VALUES ('2564', 'KMUTT', 10, 10, 'วิชาสามัญ BIOLOGY');
INSERT INTO  STATISTIC ( YEAR, UNI_ID, FACULTY_ID, DEPARTMENT_ID, SUBJECT_ID ) VALUES ('2564', 'KMUTT', 10, 10, 'วิชาสามัญ ENGLISH');


