-- INSERT ALL DATA

-- UNIVERSITY TABLE
INSERT INTO UNIVERSITY VALUES ( 'SWU', 'มหาวิทยาลัยศรีนครินทรวิโรฒ');
INSERT INTO UNIVERSITY VALUES ( 'CU', 'จุฬาลงกรณ์มหาวิทยาลัย');
INSERT INTO UNIVERSITY VALUES ( 'KU', '	มหาวิทยาลัยเกษตรศาสตร์');

INSERT INTO UNIVERSITY VALUES ( 'TU', 'มหาวิทยาลัยธรรมศาสตร์');
INSERT INTO UNIVERSITY VALUES ( 'MU', 'มหาวิทยาลัยมหิดล');
INSERT INTO UNIVERSITY VALUES ( 'CMU', 'มหาวิทยาลัยเชียงใหม่');

INSERT INTO UNIVERSITY VALUES ( 'KMITL', 'สถาบันเทคโนโลยีพระจอมเกล้าเจ้าคุณทหารลาดกระบัง');
INSERT INTO UNIVERSITY VALUES ( 'BUU', 'มหาวิทยาลัยบูรพา');
INSERT INTO UNIVERSITY VALUES ( 'KKU', 'มหาวิทยาลัยขอนแก่น');
INSERT INTO UNIVERSITY VALUES ( 'KMUTT', 'มหาวิทยาลัยเทคโนโลยีพระจอมเกล้าธนบุรี');


-- FACULTY TABLE
CREATE SEQUENCE FACULTY_SEQ
INCREMENT BY 1 START WITH 1;

INSERT INTO FACULTY VALUES (FACULTY_SEQ.NEXTVAL, 'วิทยาศาสตร์');
INSERT INTO FACULTY VALUES (FACULTY_SEQ.NEXTVAL, 'สถาปัตยกรรมศาสตร์');
INSERT INTO FACULTY VALUES (FACULTY_SEQ.NEXTVAL, 'เภสัชศาสตร์');

INSERT INTO FACULTY VALUES (FACULTY_SEQ.NEXTVAL, 'วิศวกรรมศาสตร์');
INSERT INTO FACULTY VALUES (FACULTY_SEQ.NEXTVAL, 'คณะสหเวชศาสตร์');
INSERT INTO FACULTY VALUES (FACULTY_SEQ.NEXTVAL, 'นิเทศศาสตร์');

INSERT INTO FACULTY VALUES (FACULTY_SEQ.NEXTVAL, 'รัฐศาสตร์');
INSERT INTO FACULTY VALUES (FACULTY_SEQ.NEXTVAL, 'มนุษยศาสตร์');
INSERT INTO FACULTY VALUES (FACULTY_SEQ.NEXTVAL, 'นิติศาสตร์');
INSERT INTO FACULTY VALUES (FACULTY_SEQ.NEXTVAL, 'พยาบาลศาสตร์');



-- DEPARTMENT TABLE
CREATE SEQUENCE DEPARTMENT_SEQ
INCREMENT BY 1 START WITH 1;

INSERT INTO DEPARTMENT VALUES ( DEPARTMENT_SEQ.NEXTVAL, 'วิทยาการคอมพิวเตอร์');
INSERT INTO DEPARTMENT VALUES ( DEPARTMENT_SEQ.NEXTVAL, 'ออกแบบภายใน');
INSERT INTO DEPARTMENT VALUES ( DEPARTMENT_SEQ.NEXTVAL, 'บริบาลเภสัชกรรม');

INSERT INTO DEPARTMENT VALUES ( DEPARTMENT_SEQ.NEXTVAL, 'วิศวกรรมไฟฟ้า');
INSERT INTO DEPARTMENT VALUES ( DEPARTMENT_SEQ.NEXTVAL, 'เทคนิคการแพทย์');
INSERT INTO DEPARTMENT VALUES ( DEPARTMENT_SEQ.NEXTVAL, 'การภาพยนตร์และภาพนิ่ง');

INSERT INTO DEPARTMENT VALUES ( DEPARTMENT_SEQ.NEXTVAL, 'การเมืองการปกครอง');
INSERT INTO DEPARTMENT VALUES ( DEPARTMENT_SEQ.NEXTVAL, 'ภาษาศาสตร์และวรรณคดี');
INSERT INTO DEPARTMENT VALUES ( DEPARTMENT_SEQ.NEXTVAL, 'กฎหมายธุรกิจ');
INSERT INTO DEPARTMENT VALUES ( DEPARTMENT_SEQ.NEXTVAL, 'การพยาบาลเด็ก');




-- COURSE TABLE
CREATE SEQUENCE COURSE_SEQ
INCREMENT BY 1 START WITH 1;

INSERT INTO COURSE(COURSE_ID, DEPARTMENT_ID, FACULTY_ID) VALUES ( COURSE_SEQ.NEXTVAL, 1, 1);
INSERT INTO COURSE(COURSE_ID, DEPARTMENT_ID, FACULTY_ID) VALUES ( COURSE_SEQ.NEXTVAL, 2, 2);
INSERT INTO COURSE(COURSE_ID, DEPARTMENT_ID, FACULTY_ID) VALUES ( COURSE_SEQ.NEXTVAL, 3, 3);

INSERT INTO COURSE(COURSE_ID, DEPARTMENT_ID, FACULTY_ID) VALUES ( COURSE_SEQ.NEXTVAL, 4, 4);
INSERT INTO COURSE(COURSE_ID, DEPARTMENT_ID, FACULTY_ID) VALUES ( COURSE_SEQ.NEXTVAL, 5, 5);
INSERT INTO COURSE(COURSE_ID, DEPARTMENT_ID, FACULTY_ID) VALUES ( COURSE_SEQ.NEXTVAL, 6, 6);

INSERT INTO COURSE(COURSE_ID, DEPARTMENT_ID, FACULTY_ID) VALUES ( COURSE_SEQ.NEXTVAL, 7, 7);
INSERT INTO COURSE(COURSE_ID, DEPARTMENT_ID, FACULTY_ID) VALUES ( COURSE_SEQ.NEXTVAL, 8, 8);
INSERT INTO COURSE(COURSE_ID, DEPARTMENT_ID, FACULTY_ID) VALUES ( COURSE_SEQ.NEXTVAL, 9, 9);
INSERT INTO COURSE(COURSE_ID, DEPARTMENT_ID, FACULTY_ID) VALUES ( COURSE_SEQ.NEXTVAL, 10, 10);



-- UNIVERSITY_STAT TABLE ปีละ10 ทำ3ปี = 30อัน
    --ปี66
INSERT INTO  UNIVERSITY_STAT(YEAR, UNI_ID, COURSE_ID, MIN, MAX, NUM_ACCEPT, NUM_REGISTER, NUM_PASS)
VALUES ( '2566', 'SWU', 1, 50.12, 57.89, 9, 840, 9);
INSERT INTO  UNIVERSITY_STAT(YEAR, UNI_ID, COURSE_ID, MIN, MAX, NUM_ACCEPT, NUM_REGISTER, NUM_PASS)
VALUES ( '2566', 'CU', 2, 71.1577, 80.6828, 15, 1245, 15);
INSERT INTO  UNIVERSITY_STAT(YEAR, UNI_ID, COURSE_ID, MIN, MAX, NUM_ACCEPT, NUM_REGISTER, NUM_PASS)
VALUES ( '2566', 'KU', 3, 42.4111, 52.2312, 56, 242, 56);
INSERT INTO  UNIVERSITY_STAT(YEAR, UNI_ID, COURSE_ID, MIN, MAX, NUM_ACCEPT, NUM_REGISTER, NUM_PASS)
VALUES ( '2566', 'TU', 4, 41.2548, 55.215, 14, 792, 14);
INSERT INTO  UNIVERSITY_STAT(YEAR, UNI_ID, COURSE_ID, MIN, MAX, NUM_ACCEPT, NUM_REGISTER, NUM_PASS)
VALUES ( '2566', 'MU', 5, 71.1577, 80.6828, 15, 1245, 15);
INSERT INTO  UNIVERSITY_STAT(YEAR, UNI_ID, COURSE_ID, MIN, MAX, NUM_ACCEPT, NUM_REGISTER, NUM_PASS)
VALUES ( '2566', 'CMU', 6, 42.4111, 52.2312, 56, 242, 56);
INSERT INTO  UNIVERSITY_STAT(YEAR, UNI_ID, COURSE_ID, MIN, MAX, NUM_ACCEPT, NUM_REGISTER, NUM_PASS)
VALUES ( '2566', 'KMITL', 7, 50.12, 57.89, 7, 444, 7);
INSERT INTO  UNIVERSITY_STAT(YEAR, UNI_ID, COURSE_ID, MIN, MAX, NUM_ACCEPT, NUM_REGISTER, NUM_PASS)
VALUES ( '2566', 'BUU', 8, 71.1577, 80.6828, 11, 222, 11);
INSERT INTO  UNIVERSITY_STAT(YEAR, UNI_ID, COURSE_ID, MIN, MAX, NUM_ACCEPT, NUM_REGISTER, NUM_PASS)
VALUES ( '2566', 'KKU', 9, 42.4111, 52.2312, 58, 452, 58);
INSERT INTO  UNIVERSITY_STAT(YEAR, UNI_ID, COURSE_ID, MIN, MAX, NUM_ACCEPT, NUM_REGISTER, NUM_PASS)
VALUES ( '2566', 'KMUTT', 10, 42.4111, 52.2312, 45, 242, 45);
    --ปี65
INSERT INTO UNIVERSITY_STAT(YEAR, UNI_ID, COURSE_ID, MIN, MAX, NUM_ACCEPT, NUM_REGISTER, NUM_PASS)
VALUES ('2565', 'SWU', 1, 45.234, 52.147, 14, 485, 14);
INSERT INTO UNIVERSITY_STAT(YEAR, UNI_ID, COURSE_ID, MIN, MAX, NUM_ACCEPT, NUM_REGISTER, NUM_PASS)
VALUES ('2565', 'CU', 2, 38.150, 51.586, 29, 412, 29);
INSERT INTO UNIVERSITY_STAT(YEAR, UNI_ID, COURSE_ID, MIN, MAX, NUM_ACCEPT, NUM_REGISTER, NUM_PASS)
VALUES ('2565', 'KU', 3, 58.215, 61.944, 32, 741, 32);
INSERT INTO UNIVERSITY_STAT(YEAR, UNI_ID, COURSE_ID, MIN, MAX, NUM_ACCEPT, NUM_REGISTER, NUM_PASS)
VALUES ('2565', 'TU', 4, 45.234, 52.147, 14, 485, 14);
INSERT INTO UNIVERSITY_STAT(YEAR, UNI_ID, COURSE_ID, MIN, MAX, NUM_ACCEPT, NUM_REGISTER, NUM_PASS)
VALUES ('2565', 'MU', 5, 38.150, 51.586, 29, 412, 29);
INSERT INTO UNIVERSITY_STAT(YEAR, UNI_ID, COURSE_ID, MIN, MAX, NUM_ACCEPT, NUM_REGISTER, NUM_PASS)
VALUES ('2565', 'CMU', 6, 58.215, 61.944, 32, 741, 32);
INSERT INTO UNIVERSITY_STAT(YEAR, UNI_ID, COURSE_ID, MIN, MAX, NUM_ACCEPT, NUM_REGISTER, NUM_PASS)
VALUES ('2565', 'KMITL', 7, 45.234, 52.147, 14, 485, 14);
INSERT INTO UNIVERSITY_STAT(YEAR, UNI_ID, COURSE_ID, MIN, MAX, NUM_ACCEPT, NUM_REGISTER, NUM_PASS)
VALUES ('2565', 'BUU', 8, 38.150, 51.586, 29, 412, 29);
INSERT INTO UNIVERSITY_STAT(YEAR, UNI_ID, COURSE_ID, MIN, MAX, NUM_ACCEPT, NUM_REGISTER, NUM_PASS)
VALUES ('2565', 'KKU', 9, 58.215, 61.944, 32, 741, 32);
INSERT INTO UNIVERSITY_STAT(YEAR, UNI_ID, COURSE_ID, MIN, MAX, NUM_ACCEPT, NUM_REGISTER, NUM_PASS)
VALUES ('2565', 'KMUTT', 10, 58.215, 61.944, 32, 741, 32);
    --ปี64
INSERT INTO UNIVERSITY_STAT(YEAR, UNI_ID, COURSE_ID, MIN, MAX, NUM_ACCEPT, NUM_REGISTER, NUM_PASS)
VALUES ('2564', 'SWU', 1, 45.2344, 52.1468, 14, 485, 14);
INSERT INTO UNIVERSITY_STAT(YEAR, UNI_ID, COURSE_ID, MIN, MAX, NUM_ACCEPT, NUM_REGISTER, NUM_PASS)
VALUES ('2564', 'CU', 2, 38.1495, 51.5857, 29, 412, 29);
INSERT INTO UNIVERSITY_STAT(YEAR, UNI_ID, COURSE_ID, MIN, MAX, NUM_ACCEPT, NUM_REGISTER, NUM_PASS)
VALUES ('2564', 'KU', 3, 58.2147, 61.9440, 32, 741, 32);
INSERT INTO UNIVERSITY_STAT(YEAR, UNI_ID, COURSE_ID, MIN, MAX, NUM_ACCEPT, NUM_REGISTER, NUM_PASS)
VALUES ('2564', 'TU', 4, 45.2344, 52.1468, 14, 485, 14);
INSERT INTO UNIVERSITY_STAT(YEAR, UNI_ID, COURSE_ID, MIN, MAX, NUM_ACCEPT, NUM_REGISTER, NUM_PASS)
VALUES ('2564', 'MU', 5, 38.1495, 51.5857, 29, 412, 29);
INSERT INTO UNIVERSITY_STAT(YEAR, UNI_ID, COURSE_ID, MIN, MAX, NUM_ACCEPT, NUM_REGISTER, NUM_PASS)
VALUES ('2564', 'CMU', 6, 58.2147, 61.9440, 32, 741, 32);
INSERT INTO UNIVERSITY_STAT(YEAR, UNI_ID, COURSE_ID, MIN, MAX, NUM_ACCEPT, NUM_REGISTER, NUM_PASS)
VALUES ('2564', 'KMITL', 7, 45.2344, 52.1468, 14, 485, 14);
INSERT INTO UNIVERSITY_STAT(YEAR, UNI_ID, COURSE_ID, MIN, MAX, NUM_ACCEPT, NUM_REGISTER, NUM_PASS)
VALUES ('2564', 'BUU', 8, 38.1495, 51.5857, 29, 412, 29);
INSERT INTO UNIVERSITY_STAT(YEAR, UNI_ID, COURSE_ID, MIN, MAX, NUM_ACCEPT, NUM_REGISTER, NUM_PASS)
VALUES ('2564', 'KKU', 9, 58.2147, 61.9440, 32, 741, 32);
INSERT INTO UNIVERSITY_STAT(YEAR, UNI_ID, COURSE_ID, MIN, MAX, NUM_ACCEPT, NUM_REGISTER, NUM_PASS)
VALUES ('2564', 'KMUTT', 10, 58.2147, 61.9440, 32, 741, 32);



-- STATISTIC TABLE แต่ละสาขา ใช้คะแนนไรบ้าง ก้เพิ่ม row ตามนั้น
    --ปี66
        --วิทยาการคอมพิวเตอร์ มศว
INSERT INTO  STATISTIC ( YEAR, UNI_ID, COURSE_ID, SUBJECT_ID ) VALUES ('2566', 'SWU', 1, 'TGAT');
INSERT INTO  STATISTIC ( YEAR, UNI_ID, COURSE_ID, SUBJECT_ID ) VALUES ('2566', 'SWU', 1, 'TPAT3');
        --สถาปัตย์ จุฬา
INSERT INTO  STATISTIC ( YEAR, UNI_ID, COURSE_ID, SUBJECT_ID ) VALUES ('2566', 'CU', 2, 'A-Level MATH1');
INSERT INTO  STATISTIC ( YEAR, UNI_ID, COURSE_ID, SUBJECT_ID ) VALUES ('2566', 'CU', 2, 'A-Level PHYSICS');
INSERT INTO  STATISTIC ( YEAR, UNI_ID, COURSE_ID, SUBJECT_ID ) VALUES ('2566', 'CU', 2, 'A-Level ENGLISH');
INSERT INTO  STATISTIC ( YEAR, UNI_ID, COURSE_ID, SUBJECT_ID ) VALUES ('2566', 'CU', 2, 'TPAT4');
        --เภสัช ม.เกษตร
INSERT INTO  STATISTIC ( YEAR, UNI_ID, COURSE_ID, SUBJECT_ID ) VALUES ('2566', 'KU', 3, 'TPAT1');
INSERT INTO  STATISTIC ( YEAR, UNI_ID, COURSE_ID, SUBJECT_ID ) VALUES ('2566', 'KU', 3, 'A-Level MATH1');
INSERT INTO  STATISTIC ( YEAR, UNI_ID, COURSE_ID, SUBJECT_ID ) VALUES ('2566', 'KU', 3, 'A-Level MATH2');
INSERT INTO  STATISTIC ( YEAR, UNI_ID, COURSE_ID, SUBJECT_ID ) VALUES ('2566', 'KU', 3, 'A-Level PHYSICS');
INSERT INTO  STATISTIC ( YEAR, UNI_ID, COURSE_ID, SUBJECT_ID ) VALUES ('2566', 'KU', 3, 'A-Level CHEMISTRY');
INSERT INTO  STATISTIC ( YEAR, UNI_ID, COURSE_ID, SUBJECT_ID ) VALUES ('2566', 'KU', 3, 'A-Level BIOLOGY');
INSERT INTO  STATISTIC ( YEAR, UNI_ID, COURSE_ID, SUBJECT_ID ) VALUES ('2566', 'KU', 3, 'A-Level THAI LANGUAGE');
INSERT INTO  STATISTIC ( YEAR, UNI_ID, COURSE_ID, SUBJECT_ID ) VALUES ('2566', 'KU', 3, 'A-Level SOCIAL STUDY');
INSERT INTO  STATISTIC ( YEAR, UNI_ID, COURSE_ID, SUBJECT_ID ) VALUES ('2566', 'KU', 3, 'A-Level ENGLISH');
        --วิศวะ มธ
INSERT INTO  STATISTIC ( YEAR, UNI_ID, COURSE_ID, SUBJECT_ID ) VALUES ('2566', 'TU', 4, 'TPAT3');
INSERT INTO  STATISTIC ( YEAR, UNI_ID, COURSE_ID, SUBJECT_ID ) VALUES ('2566', 'TU', 4, 'A-LEVEL PHYSICS');
INSERT INTO  STATISTIC ( YEAR, UNI_ID, COURSE_ID, SUBJECT_ID ) VALUES ('2566', 'TU', 4, 'A-LEVEL MATH1');
        --สหเวช มหิดล
INSERT INTO  STATISTIC ( YEAR, UNI_ID, COURSE_ID, SUBJECT_ID ) VALUES ('2566', 'MU', 5, 'TGAT');
INSERT INTO  STATISTIC ( YEAR, UNI_ID, COURSE_ID, SUBJECT_ID ) VALUES ('2566', 'MU', 5, 'A-LEVEL MATH1');
INSERT INTO  STATISTIC ( YEAR, UNI_ID, COURSE_ID, SUBJECT_ID ) VALUES ('2566', 'MU', 5, 'A-LEVEL CHEMISTRY');
INSERT INTO  STATISTIC ( YEAR, UNI_ID, COURSE_ID, SUBJECT_ID ) VALUES ('2566', 'MU', 5, 'A-LEVEL BIOLOGY');
INSERT INTO  STATISTIC ( YEAR, UNI_ID, COURSE_ID, SUBJECT_ID ) VALUES ('2566', 'MU', 5, 'A-LEVEL ENGLISH');
        --นิเทศ มช
INSERT INTO  STATISTIC ( YEAR, UNI_ID, COURSE_ID, SUBJECT_ID ) VALUES ('2566', 'CMU', 6, 'A-LEVEL MATH1');
INSERT INTO  STATISTIC ( YEAR, UNI_ID, COURSE_ID, SUBJECT_ID ) VALUES ('2566', 'CMU', 6, 'A-LEVEL PHYSICS');
INSERT INTO  STATISTIC ( YEAR, UNI_ID, COURSE_ID, SUBJECT_ID ) VALUES ('2566', 'CMU', 6, 'A-LEVEL CHEMISTRY');
INSERT INTO  STATISTIC ( YEAR, UNI_ID, COURSE_ID, SUBJECT_ID ) VALUES ('2566', 'CMU', 6, 'A-LEVEL BIOLOGY');
INSERT INTO  STATISTIC ( YEAR, UNI_ID, COURSE_ID, SUBJECT_ID ) VALUES ('2566', 'CMU', 6, 'A-LEVEL SOCIAL STUDY');
INSERT INTO  STATISTIC ( YEAR, UNI_ID, COURSE_ID, SUBJECT_ID ) VALUES ('2566', 'CMU', 6, 'A-LEVEL THAI LANGUAGE');
INSERT INTO  STATISTIC ( YEAR, UNI_ID, COURSE_ID, SUBJECT_ID ) VALUES ('2566', 'CMU', 6, 'A-LEVEL ENGLISH');
        --รัฐศาสตร์ สจล
INSERT INTO  STATISTIC ( YEAR, UNI_ID, COURSE_ID, SUBJECT_ID ) VALUES ('2566', 'KMITL', 7, 'A-LEVEL SOCIAL STUDY');
INSERT INTO  STATISTIC ( YEAR, UNI_ID, COURSE_ID, SUBJECT_ID ) VALUES ('2566', 'KMITL', 7, 'A-LEVEL THAI LANGUAGE');
INSERT INTO  STATISTIC ( YEAR, UNI_ID, COURSE_ID, SUBJECT_ID ) VALUES ('2566', 'KMITL', 7, 'A-LEVEL ENGLISH');
        --มนุด มอบูรพา
INSERT INTO  STATISTIC ( YEAR, UNI_ID, COURSE_ID, SUBJECT_ID ) VALUES ('2566', 'BUU', 8, 'TPAT2');
INSERT INTO  STATISTIC ( YEAR, UNI_ID, COURSE_ID, SUBJECT_ID ) VALUES ('2566', 'BUU', 8, 'A-LEVEL ENGLISH');
INSERT INTO  STATISTIC ( YEAR, UNI_ID, COURSE_ID, SUBJECT_ID ) VALUES ('2566', 'BUU', 8, 'A-LEVEL SOCIAL STUDY');
INSERT INTO  STATISTIC ( YEAR, UNI_ID, COURSE_ID, SUBJECT_ID ) VALUES ('2566', 'BUU', 8, 'A-LEVEL THAI LANGUAGE');
        --นิติ มข
INSERT INTO  STATISTIC ( YEAR, UNI_ID, COURSE_ID, SUBJECT_ID ) VALUES ('2566', 'KUU', 9, 'A-LEVEL THAI LANGUAGE');
INSERT INTO  STATISTIC ( YEAR, UNI_ID, COURSE_ID, SUBJECT_ID ) VALUES ('2566', 'KUU', 9, 'A-LEVEL ENGLISH');
INSERT INTO  STATISTIC ( YEAR, UNI_ID, COURSE_ID, SUBJECT_ID ) VALUES ('2566', 'KUU', 9, 'TPAT3');
INSERT INTO  STATISTIC ( YEAR, UNI_ID, COURSE_ID, SUBJECT_ID ) VALUES ('2566', 'KUU', 9, 'A-LEVEL MATH1');
        --พยาบาล kmutt
INSERT INTO  STATISTIC ( YEAR, UNI_ID, COURSE_ID, SUBJECT_ID ) VALUES ('2566', 'KMUTT', 10, 'TGAT');
INSERT INTO  STATISTIC ( YEAR, UNI_ID, COURSE_ID, SUBJECT_ID ) VALUES ('2566', 'KMUTT', 10, 'A-LEVEL MATH1');
INSERT INTO  STATISTIC ( YEAR, UNI_ID, COURSE_ID, SUBJECT_ID ) VALUES ('2566', 'KMUTT', 10, 'A-LEVEL CHEMISTRY');
INSERT INTO  STATISTIC ( YEAR, UNI_ID, COURSE_ID, SUBJECT_ID ) VALUES ('2566', 'KMUTT', 10, 'A-LEVEL BIOLOGY');
INSERT INTO  STATISTIC ( YEAR, UNI_ID, COURSE_ID, SUBJECT_ID ) VALUES ('2566', 'KMUTT', 10, 'A-LEVEL ENGLISH');

    --ปี65
        --วิทยาการคอมพิวเตอร์ มศว
INSERT INTO STATISTIC (YEAR, UNI_ID, COURSE_ID, SUBJECT_ID) VALUES ('2565', 'SWU', 1, 'GAT');
INSERT INTO STATISTIC (YEAR, UNI_ID, COURSE_ID, SUBJECT_ID) VALUES ('2565', 'SWU', 1, 'PAT1');
INSERT INTO STATISTIC (YEAR, UNI_ID, COURSE_ID, SUBJECT_ID) VALUES ('2565', 'SWU', 1, 'PAT2');
        --สถาปัตย์ ออกแบบภายใน จุฬา
INSERT INTO  STATISTIC ( YEAR, UNI_ID, COURSE_ID, SUBJECT_ID ) VALUES ('2565', 'CU', 2, 'วิชาสามัญ ENGLISH');
INSERT INTO  STATISTIC ( YEAR, UNI_ID, COURSE_ID, SUBJECT_ID ) VALUES ('2565', 'CU', 2, 'วิชาสามัญ MATH1');
INSERT INTO  STATISTIC ( YEAR, UNI_ID, COURSE_ID, SUBJECT_ID ) VALUES ('2565', 'CU', 2, 'วิชาสามัญ THAI LANGUAGE');
INSERT INTO  STATISTIC ( YEAR, UNI_ID, COURSE_ID, SUBJECT_ID ) VALUES ('2565', 'CU', 2, 'วิชาสามัญ SOCIAL STUDY');
INSERT INTO  STATISTIC ( YEAR, UNI_ID, COURSE_ID, SUBJECT_ID ) VALUES ('2565', 'CU', 2, 'วิชาสามัญ PHYSICS');
INSERT INTO  STATISTIC ( YEAR, UNI_ID, COURSE_ID, SUBJECT_ID ) VALUES ('2565', 'CU', 3, 'GAT');
INSERT INTO  STATISTIC ( YEAR, UNI_ID, COURSE_ID, SUBJECT_ID ) VALUES ('2565', 'CU', 2, 'PAT4'); 
        --เภสัช ม.เกษตร
INSERT INTO  STATISTIC ( YEAR, UNI_ID, COURSE_ID, SUBJECT_ID ) VALUES ('2565', 'KU', 3, 'PAT1');
INSERT INTO  STATISTIC ( YEAR, UNI_ID, COURSE_ID, SUBJECT_ID ) VALUES ('2565', 'KU', 3, 'PAT2');
INSERT INTO  STATISTIC ( YEAR, UNI_ID, COURSE_ID, SUBJECT_ID ) VALUES ('2565', 'KU', 3, 'GAT');
INSERT INTO  STATISTIC ( YEAR, UNI_ID, COURSE_ID, SUBJECT_ID ) VALUES ('2565', 'KU', 3, 'วิชาสามัญ MATH1');
INSERT INTO  STATISTIC ( YEAR, UNI_ID, COURSE_ID, SUBJECT_ID ) VALUES ('2565', 'KU', 3, 'วิชาสามัญ MATH2');
INSERT INTO  STATISTIC ( YEAR, UNI_ID, COURSE_ID, SUBJECT_ID ) VALUES ('2565', 'KU', 3, 'วิชาสามัญ PHYSICS');
INSERT INTO  STATISTIC ( YEAR, UNI_ID, COURSE_ID, SUBJECT_ID ) VALUES ('2565', 'KU', 3, 'วิชาสามัญ CHEMISTRY');
INSERT INTO  STATISTIC ( YEAR, UNI_ID, COURSE_ID, SUBJECT_ID ) VALUES ('2565', 'KU', 3, 'วิชาสามัญ BIOLOGY');
INSERT INTO  STATISTIC ( YEAR, UNI_ID, COURSE_ID, SUBJECT_ID ) VALUES ('2565', 'KU', 3, 'วิชาสามัญ THAI LANGUAGE');
INSERT INTO  STATISTIC ( YEAR, UNI_ID, COURSE_ID, SUBJECT_ID ) VALUES ('2565', 'KU', 3, 'วิชาสามัญ SOCIAL STUDY');
INSERT INTO  STATISTIC ( YEAR, UNI_ID, COURSE_ID, SUBJECT_ID ) VALUES ('2565', 'KU', 3, 'วิชาสามัญ ENGLISH');
        --วิศวะ มธ
INSERT INTO  STATISTIC ( YEAR, UNI_ID, COURSE_ID, SUBJECT_ID ) VALUES ('2565', 'TU', 4, 'PAT1');
INSERT INTO  STATISTIC ( YEAR, UNI_ID, COURSE_ID, SUBJECT_ID ) VALUES ('2565', 'TU', 4, 'PAT3');
INSERT INTO  STATISTIC ( YEAR, UNI_ID, COURSE_ID, SUBJECT_ID ) VALUES ('2565', 'TU', 4, 'GAT');
INSERT INTO  STATISTIC ( YEAR, UNI_ID, COURSE_ID, SUBJECT_ID ) VALUES ('2565', 'TU', 4, 'วิชาสามัญ PHYSICS');
INSERT INTO  STATISTIC ( YEAR, UNI_ID, COURSE_ID, SUBJECT_ID ) VALUES ('2565', 'TU', 4, 'วิชาสามัญ MATH1');
        --สหเวช มหิดล
INSERT INTO  STATISTIC ( YEAR, UNI_ID, COURSE_ID, SUBJECT_ID ) VALUES ('2565', 'MU', 5, 'GAT');
INSERT INTO  STATISTIC ( YEAR, UNI_ID, COURSE_ID, SUBJECT_ID ) VALUES ('2565', 'MU', 5, 'PAT1');
INSERT INTO  STATISTIC ( YEAR, UNI_ID, COURSE_ID, SUBJECT_ID ) VALUES ('2565', 'MU', 5, 'PAT2');
INSERT INTO  STATISTIC ( YEAR, UNI_ID, COURSE_ID, SUBJECT_ID ) VALUES ('2565', 'MU', 5, 'วิชาสามัญ MATH1');
INSERT INTO  STATISTIC ( YEAR, UNI_ID, COURSE_ID, SUBJECT_ID ) VALUES ('2565', 'MU', 5, 'วิชาสามัญ CHEMISTRY');
INSERT INTO  STATISTIC ( YEAR, UNI_ID, COURSE_ID, SUBJECT_ID ) VALUES ('2565', 'MU', 5, 'วิชาสามัญ BIOLOGY');
INSERT INTO  STATISTIC ( YEAR, UNI_ID, COURSE_ID, SUBJECT_ID ) VALUES ('2565', 'MU', 5, 'วิชาสามัญ ENGLISH');
        --นิเทศ มช
INSERT INTO  STATISTIC ( YEAR, UNI_ID, COURSE_ID, SUBJECT_ID ) VALUES ('2565', 'CMU', 5, 'GAT');
INSERT INTO  STATISTIC ( YEAR, UNI_ID, COURSE_ID, SUBJECT_ID ) VALUES ('2565', 'CMU', 6, 'วิชาสามัญ MATH1');
INSERT INTO  STATISTIC ( YEAR, UNI_ID, COURSE_ID, SUBJECT_ID ) VALUES ('2565', 'CMU', 6, 'วิชาสามัญ PHYSICS');
INSERT INTO  STATISTIC ( YEAR, UNI_ID, COURSE_ID, SUBJECT_ID ) VALUES ('2565', 'CMU', 6, 'วิชาสามัญ CHEMISTRY');
INSERT INTO  STATISTIC ( YEAR, UNI_ID, COURSE_ID, SUBJECT_ID ) VALUES ('2565', 'CMU', 6, 'วิชาสามัญ BIOLOGY');
INSERT INTO  STATISTIC ( YEAR, UNI_ID, COURSE_ID, SUBJECT_ID ) VALUES ('2565', 'CMU', 6, 'วิชาสามัญ SOCIAL STUDY');
INSERT INTO  STATISTIC ( YEAR, UNI_ID, COURSE_ID, SUBJECT_ID ) VALUES ('2565', 'CMU', 6, 'วิชาสามัญ THAI LANGUAGE');
INSERT INTO  STATISTIC ( YEAR, UNI_ID, COURSE_ID, SUBJECT_ID ) VALUES ('2565', 'CMU', 6, 'วิชาสามัญ ENGLISH');
        --รัฐศาสตร์ สจล
INSERT INTO  STATISTIC ( YEAR, UNI_ID, COURSE_ID, SUBJECT_ID ) VALUES ('2565', 'KMITL', 5, 'GAT');
INSERT INTO  STATISTIC ( YEAR, UNI_ID, COURSE_ID, SUBJECT_ID ) VALUES ('2565', 'KMITL', 7, 'วิชาสามัญ SOCIAL STUDY');
INSERT INTO  STATISTIC ( YEAR, UNI_ID, COURSE_ID, SUBJECT_ID ) VALUES ('2565', 'KMITL', 7, 'วิชาสามัญ THAI LANGUAGE');
INSERT INTO  STATISTIC ( YEAR, UNI_ID, COURSE_ID, SUBJECT_ID ) VALUES ('2565', 'KMITL', 7, 'วิชาสามัญ ENGLISH');
INSERT INTO  STATISTIC ( YEAR, UNI_ID, COURSE_ID, SUBJECT_ID ) VALUES ('2565', 'KMITL', 7, 'PAT7.6');
        --มนุด มอบูรพา
INSERT INTO  STATISTIC ( YEAR, UNI_ID, COURSE_ID, SUBJECT_ID ) VALUES ('2565', 'BUU', 5, 'GAT');
INSERT INTO  STATISTIC ( YEAR, UNI_ID, COURSE_ID, SUBJECT_ID ) VALUES ('2565', 'BUU', 8, 'PAT6');
INSERT INTO  STATISTIC ( YEAR, UNI_ID, COURSE_ID, SUBJECT_ID ) VALUES ('2565', 'BUU', 8, 'วิชาสามัญ ENGLISH');
INSERT INTO  STATISTIC ( YEAR, UNI_ID, COURSE_ID, SUBJECT_ID ) VALUES ('2565', 'BUU', 8, 'วิชาสามัญ SOCIAL STUDY');
INSERT INTO  STATISTIC ( YEAR, UNI_ID, COURSE_ID, SUBJECT_ID ) VALUES ('2565', 'BUU', 8, 'วิชาสามัญ THAI LANGUAGE');
        --นิติ มข
INSERT INTO  STATISTIC ( YEAR, UNI_ID, COURSE_ID, SUBJECT_ID ) VALUES ('2565', 'KUU', 9, 'วิชาสามัญ THAI LANGUAGE');
INSERT INTO  STATISTIC ( YEAR, UNI_ID, COURSE_ID, SUBJECT_ID ) VALUES ('2565', 'KUU', 9, 'วิชาสามัญ ENGLISH');
INSERT INTO  STATISTIC ( YEAR, UNI_ID, COURSE_ID, SUBJECT_ID ) VALUES ('2565', 'KUU', 9, 'PAT1');
INSERT INTO  STATISTIC ( YEAR, UNI_ID, COURSE_ID, SUBJECT_ID ) VALUES ('2565', 'KUU', 9, 'วิชาสามัญ MATH1');
        --พยาบาล kmutt
INSERT INTO  STATISTIC ( YEAR, UNI_ID, COURSE_ID, SUBJECT_ID ) VALUES ('2565', 'KMUTT', 10, 'GAT');
INSERT INTO  STATISTIC ( YEAR, UNI_ID, COURSE_ID, SUBJECT_ID ) VALUES ('2565', 'KMUTT', 10, 'วิชาสามัญ MATH1');
INSERT INTO  STATISTIC ( YEAR, UNI_ID, COURSE_ID, SUBJECT_ID ) VALUES ('2565', 'KMUTT', 10, 'วิชาสามัญ CHEMISTRY');
INSERT INTO  STATISTIC ( YEAR, UNI_ID, COURSE_ID, SUBJECT_ID ) VALUES ('2565', 'KMUTT', 10, 'วิชาสามัญ BIOLOGY');
INSERT INTO  STATISTIC ( YEAR, UNI_ID, COURSE_ID, SUBJECT_ID ) VALUES ('2565', 'KMUTT', 10, 'วิชาสามัญ ENGLISH');

    --ปี64
        --วิทยาการคอมพิวเตอร์ มศว
INSERT INTO STATISTIC (YEAR, UNI_ID, COURSE_ID, SUBJECT_ID) VALUES ('2564', 'SWU', 1, 'GAT');
INSERT INTO STATISTIC (YEAR, UNI_ID, COURSE_ID, SUBJECT_ID) VALUES ('2564', 'SWU', 1, 'PAT1');
INSERT INTO STATISTIC (YEAR, UNI_ID, COURSE_ID, SUBJECT_ID) VALUES ('2564', 'SWU', 1, 'PAT2');
        --สถาปัตย์ ออกแบบภายใน จุฬา
INSERT INTO  STATISTIC ( YEAR, UNI_ID, COURSE_ID, SUBJECT_ID ) VALUES ('2564', 'CU', 2, 'วิชาสามัญ ENGLISH');
INSERT INTO  STATISTIC ( YEAR, UNI_ID, COURSE_ID, SUBJECT_ID ) VALUES ('2564', 'CU', 2, 'วิชาสามัญ MATH1');
INSERT INTO  STATISTIC ( YEAR, UNI_ID, COURSE_ID, SUBJECT_ID ) VALUES ('2564', 'CU', 2, 'วิชาสามัญ THAI LANGUAGE');
INSERT INTO  STATISTIC ( YEAR, UNI_ID, COURSE_ID, SUBJECT_ID ) VALUES ('2564', 'CU', 2, 'วิชาสามัญ SOCIAL STUDY');
INSERT INTO  STATISTIC ( YEAR, UNI_ID, COURSE_ID, SUBJECT_ID ) VALUES ('2564', 'CU', 2, 'วิชาสามัญ PHYSICS');
INSERT INTO  STATISTIC ( YEAR, UNI_ID, COURSE_ID, SUBJECT_ID ) VALUES ('2564', 'CU', 3, 'GAT');
INSERT INTO  STATISTIC ( YEAR, UNI_ID, COURSE_ID, SUBJECT_ID ) VALUES ('2564', 'CU', 2, 'PAT4');
        --เภสัช ม.เกษตร
INSERT INTO  STATISTIC ( YEAR, UNI_ID, COURSE_ID, SUBJECT_ID ) VALUES ('2564', 'KU', 3, 'PAT1');
INSERT INTO  STATISTIC ( YEAR, UNI_ID, COURSE_ID, SUBJECT_ID ) VALUES ('2564', 'KU', 3, 'PAT2');
INSERT INTO  STATISTIC ( YEAR, UNI_ID, COURSE_ID, SUBJECT_ID ) VALUES ('2564', 'KU', 3, 'GAT');
INSERT INTO  STATISTIC ( YEAR, UNI_ID, COURSE_ID, SUBJECT_ID ) VALUES ('2564', 'KU', 3, 'วิชาสามัญ MATH1');
INSERT INTO  STATISTIC ( YEAR, UNI_ID, COURSE_ID, SUBJECT_ID ) VALUES ('2564', 'KU', 3, 'วิชาสามัญ MATH2');
INSERT INTO  STATISTIC ( YEAR, UNI_ID, COURSE_ID, SUBJECT_ID ) VALUES ('2564', 'KU', 3, 'วิชาสามัญ PHYSICS');
INSERT INTO  STATISTIC ( YEAR, UNI_ID, COURSE_ID, SUBJECT_ID ) VALUES ('2564', 'KU', 3, 'วิชาสามัญ CHEMISTRY');
INSERT INTO  STATISTIC ( YEAR, UNI_ID, COURSE_ID, SUBJECT_ID ) VALUES ('2564', 'KU', 3, 'วิชาสามัญ BIOLOGY');
INSERT INTO  STATISTIC ( YEAR, UNI_ID, COURSE_ID, SUBJECT_ID ) VALUES ('2564', 'KU', 3, 'วิชาสามัญ THAI LANGUAGE');
INSERT INTO  STATISTIC ( YEAR, UNI_ID, COURSE_ID, SUBJECT_ID ) VALUES ('2564', 'KU', 3, 'วิชาสามัญ SOCIAL STUDY');
INSERT INTO  STATISTIC ( YEAR, UNI_ID, COURSE_ID, SUBJECT_ID ) VALUES ('2564', 'KU', 3, 'วิชาสามัญ ENGLISH');
        --วิศวะ มธ
INSERT INTO  STATISTIC ( YEAR, UNI_ID, COURSE_ID, SUBJECT_ID ) VALUES ('2564', 'TU', 4, 'PAT1');
INSERT INTO  STATISTIC ( YEAR, UNI_ID, COURSE_ID, SUBJECT_ID ) VALUES ('2564', 'TU', 4, 'PAT3');
INSERT INTO  STATISTIC ( YEAR, UNI_ID, COURSE_ID, SUBJECT_ID ) VALUES ('2564', 'TU', 4, 'GAT');
INSERT INTO  STATISTIC ( YEAR, UNI_ID, COURSE_ID, SUBJECT_ID ) VALUES ('2564', 'TU', 4, 'วิชาสามัญ PHYSICS');
INSERT INTO  STATISTIC ( YEAR, UNI_ID, COURSE_ID, SUBJECT_ID ) VALUES ('2564', 'TU', 4, 'วิชาสามัญ MATH1');
        --สหเวช มหิดล
INSERT INTO  STATISTIC ( YEAR, UNI_ID, COURSE_ID, SUBJECT_ID ) VALUES ('2564', 'MU', 5, 'GAT');
INSERT INTO  STATISTIC ( YEAR, UNI_ID, COURSE_ID, SUBJECT_ID ) VALUES ('2564', 'MU', 5, 'PAT1');
INSERT INTO  STATISTIC ( YEAR, UNI_ID, COURSE_ID, SUBJECT_ID ) VALUES ('2564', 'MU', 5, 'PAT2');
INSERT INTO  STATISTIC ( YEAR, UNI_ID, COURSE_ID, SUBJECT_ID ) VALUES ('2564', 'MU', 5, 'วิชาสามัญ MATH1');
INSERT INTO  STATISTIC ( YEAR, UNI_ID, COURSE_ID, SUBJECT_ID ) VALUES ('2564', 'MU', 5, 'วิชาสามัญ CHEMISTRY');
INSERT INTO  STATISTIC ( YEAR, UNI_ID, COURSE_ID, SUBJECT_ID ) VALUES ('2564', 'MU', 5, 'วิชาสามัญ BIOLOGY');
INSERT INTO  STATISTIC ( YEAR, UNI_ID, COURSE_ID, SUBJECT_ID ) VALUES ('2564', 'MU', 5, 'วิชาสามัญ ENGLISH');
        --นิเทศ มช
INSERT INTO  STATISTIC ( YEAR, UNI_ID, COURSE_ID, SUBJECT_ID ) VALUES ('2564', 'CMU', 5, 'GAT');
INSERT INTO  STATISTIC ( YEAR, UNI_ID, COURSE_ID, SUBJECT_ID ) VALUES ('2564', 'CMU', 6, 'วิชาสามัญ MATH1');
INSERT INTO  STATISTIC ( YEAR, UNI_ID, COURSE_ID, SUBJECT_ID ) VALUES ('2564', 'CMU', 6, 'วิชาสามัญ PHYSICS');
INSERT INTO  STATISTIC ( YEAR, UNI_ID, COURSE_ID, SUBJECT_ID ) VALUES ('2564', 'CMU', 6, 'วิชาสามัญ CHEMISTRY');
INSERT INTO  STATISTIC ( YEAR, UNI_ID, COURSE_ID, SUBJECT_ID ) VALUES ('2564', 'CMU', 6, 'วิชาสามัญ BIOLOGY');
INSERT INTO  STATISTIC ( YEAR, UNI_ID, COURSE_ID, SUBJECT_ID ) VALUES ('2564', 'CMU', 6, 'วิชาสามัญ SOCIAL STUDY');
INSERT INTO  STATISTIC ( YEAR, UNI_ID, COURSE_ID, SUBJECT_ID ) VALUES ('2564', 'CMU', 6, 'วิชาสามัญ THAI LANGUAGE');
INSERT INTO  STATISTIC ( YEAR, UNI_ID, COURSE_ID, SUBJECT_ID ) VALUES ('2564', 'CMU', 6, 'วิชาสามัญ ENGLISH');
        --รัฐศาสตร์ สจล
INSERT INTO  STATISTIC ( YEAR, UNI_ID, COURSE_ID, SUBJECT_ID ) VALUES ('2564', 'KMITL', 5, 'GAT');
INSERT INTO  STATISTIC ( YEAR, UNI_ID, COURSE_ID, SUBJECT_ID ) VALUES ('2564', 'KMITL', 7, 'วิชาสามัญ SOCIAL STUDY');
INSERT INTO  STATISTIC ( YEAR, UNI_ID, COURSE_ID, SUBJECT_ID ) VALUES ('2564', 'KMITL', 7, 'วิชาสามัญ THAI LANGUAGE');
INSERT INTO  STATISTIC ( YEAR, UNI_ID, COURSE_ID, SUBJECT_ID ) VALUES ('2564', 'KMITL', 7, 'วิชาสามัญ ENGLISH');
INSERT INTO  STATISTIC ( YEAR, UNI_ID, COURSE_ID, SUBJECT_ID ) VALUES ('2564', 'KMITL', 7, 'PAT7.6');
        --มนุด มอบูรพา
INSERT INTO  STATISTIC ( YEAR, UNI_ID, COURSE_ID, SUBJECT_ID ) VALUES ('2564', 'BUU', 5, 'GAT');
INSERT INTO  STATISTIC ( YEAR, UNI_ID, COURSE_ID, SUBJECT_ID ) VALUES ('2564', 'BUU', 8, 'PAT6');
INSERT INTO  STATISTIC ( YEAR, UNI_ID, COURSE_ID, SUBJECT_ID ) VALUES ('2564', 'BUU', 8, 'วิชาสามัญ ENGLISH');
INSERT INTO  STATISTIC ( YEAR, UNI_ID, COURSE_ID, SUBJECT_ID ) VALUES ('2564', 'BUU', 8, 'วิชาสามัญ SOCIAL STUDY');
INSERT INTO  STATISTIC ( YEAR, UNI_ID, COURSE_ID, SUBJECT_ID ) VALUES ('2564', 'BUU', 8, 'วิชาสามัญ THAI LANGUAGE');
        --นิติ มข
INSERT INTO  STATISTIC ( YEAR, UNI_ID, COURSE_ID, SUBJECT_ID ) VALUES ('2564', 'KUU', 9, 'วิชาสามัญ THAI LANGUAGE');
INSERT INTO  STATISTIC ( YEAR, UNI_ID, COURSE_ID, SUBJECT_ID ) VALUES ('2564', 'KUU', 9, 'วิชาสามัญ ENGLISH');
INSERT INTO  STATISTIC ( YEAR, UNI_ID, COURSE_ID, SUBJECT_ID ) VALUES ('2564', 'KUU', 9, 'PAT1');
INSERT INTO  STATISTIC ( YEAR, UNI_ID, COURSE_ID, SUBJECT_ID ) VALUES ('2564', 'KUU', 9, 'วิชาสามัญ MATH1');
        --พยาบาล kmutt
INSERT INTO  STATISTIC ( YEAR, UNI_ID, COURSE_ID, SUBJECT_ID ) VALUES ('2564', 'KMUTT', 10, 'GAT');
INSERT INTO  STATISTIC ( YEAR, UNI_ID, COURSE_ID, SUBJECT_ID ) VALUES ('2564', 'KMUTT', 10, 'วิชาสามัญ MATH1');
INSERT INTO  STATISTIC ( YEAR, UNI_ID, COURSE_ID, SUBJECT_ID ) VALUES ('2564', 'KMUTT', 10, 'วิชาสามัญ CHEMISTRY');
INSERT INTO  STATISTIC ( YEAR, UNI_ID, COURSE_ID, SUBJECT_ID ) VALUES ('2564', 'KMUTT', 10, 'วิชาสามัญ BIOLOGY');
INSERT INTO  STATISTIC ( YEAR, UNI_ID, COURSE_ID, SUBJECT_ID ) VALUES ('2564', 'KMUTT', 10, 'วิชาสามัญ ENGLISH');




-- APPLICANT_STAT TABLE
INSERT INTO APPLICANT_STAT(YEAR, ATTENDANT, NEW_APPLICANT, OLD_APPLICANT, FEMALE, MALE, PAPER, COMP)
VALUES ( '2566', 277840, 243178, 34662, 166704, 111136, 50674, 227166);
INSERT INTO APPLICANT_STAT(YEAR, ATTENDANT, NEW_APPLICANT, OLD_APPLICANT, FEMALE, MALE, PAPER, COMP)
VALUES ( '2565', 254189, 205675, 48514, 165223, 88966, 254189, 0);
INSERT INTO APPLICANT_STAT(YEAR, ATTENDANT, NEW_APPLICANT, OLD_APPLICANT, FEMALE, MALE, PAPER, COMP)
VALUES ( '2564', 111725, 90181, 21544, 75292, 36433, 111725, 0);




-- SUBJECT TABLE
    -- gat สำหรับปี 65,64
INSERT INTO SUBJECT (SUBJECT_ID, SUBJECT_NAME, SUBJECT_MAIN) VALUES ( 'GAT', 'การทดสอบวิชาความถนัดทั่วไป', NULL);
    -- pat สำหรับปี 65,64
INSERT INTO SUBJECT (SUBJECT_ID, SUBJECT_NAME, SUBJECT_MAIN) VALUES ( 'PAT', 'การทดสอบวิชาความถนัดทางวิชาการและวิชาชีพ', NULL);
INSERT INTO SUBJECT (SUBJECT_ID, SUBJECT_NAME, SUBJECT_MAIN) VALUES ( 'PAT1', 'ความถนัดทางคณิตศาสตร์', 'PAT');
INSERT INTO SUBJECT (SUBJECT_ID, SUBJECT_NAME, SUBJECT_MAIN) VALUES ( 'PAT2', 'ความถนัดทางวิทยาศาสตร์', 'PAT');
INSERT INTO SUBJECT (SUBJECT_ID, SUBJECT_NAME, SUBJECT_MAIN) VALUES ( 'PAT3', 'ความถนัดทางวิศวกรรมศาสตร์', 'PAT');
INSERT INTO SUBJECT (SUBJECT_ID, SUBJECT_NAME, SUBJECT_MAIN) VALUES ( 'PAT4', 'ความถนัดทางสถาปัตยกรรมศาสตร์', 'PAT');
INSERT INTO SUBJECT (SUBJECT_ID, SUBJECT_NAME, SUBJECT_MAIN) VALUES ( 'PAT5', 'ความถนัดทางวิชาชีพครู', 'PAT');
INSERT INTO SUBJECT (SUBJECT_ID, SUBJECT_NAME, SUBJECT_MAIN) VALUES ( 'PAT6', 'ความถนัดทางศิลปกรรมศาสตร์', 'PAT');
INSERT INTO SUBJECT (SUBJECT_ID, SUBJECT_NAME, SUBJECT_MAIN) VALUES ( 'PAT7', 'ความถนัดทางภาษาต่างประเทศ', 'PAT');
INSERT INTO SUBJECT (SUBJECT_ID, SUBJECT_NAME, SUBJECT_MAIN) VALUES ( 'PAT7.1', 'ความถนัดทางภาษาฝรั่งเศส', 'PAT');
INSERT INTO SUBJECT (SUBJECT_ID, SUBJECT_NAME, SUBJECT_MAIN) VALUES ( 'PAT7.2', 'ความถนัดทางภาษาเยอรมัน', 'PAT');
INSERT INTO SUBJECT (SUBJECT_ID, SUBJECT_NAME, SUBJECT_MAIN) VALUES ( 'PAT7.3', 'ความถนัดทางภาษาญี่ปุ่น', 'PAT');
INSERT INTO SUBJECT (SUBJECT_ID, SUBJECT_NAME, SUBJECT_MAIN) VALUES ( 'PAT7.4', 'ความถนัดทางภาษาจีน', 'PAT');
INSERT INTO SUBJECT (SUBJECT_ID, SUBJECT_NAME, SUBJECT_MAIN) VALUES ( 'PAT7.5', 'ความถนัดทางภาษาอาหรับ', 'PAT');
INSERT INTO SUBJECT (SUBJECT_ID, SUBJECT_NAME, SUBJECT_MAIN) VALUES ( 'PAT7.6', 'ความถนัดทางภาษาบาลี', 'PAT');

    -- วิชาสามัญ สำหรับปี 65,64
INSERT INTO SUBJECT (SUBJECT_ID, SUBJECT_NAME, SUBJECT_MAIN) VALUES ( 'วิชาสามัญ', 'การทดสอบวิชาความถนัดทางวิชาการและวิชาชีพ', NULL);
INSERT INTO SUBJECT (SUBJECT_ID, SUBJECT_NAME, SUBJECT_MAIN) VALUES ( 'วิชาสามัญ MATH1', 'วิชาสามัญคณิต1', 'วิชาสามัญ');
INSERT INTO SUBJECT (SUBJECT_ID, SUBJECT_NAME, SUBJECT_MAIN) VALUES ( 'วิชาสามัญ MATH2', 'วิชาสามัญคณิต2', 'วิชาสามัญ');
INSERT INTO SUBJECT (SUBJECT_ID, SUBJECT_NAME, SUBJECT_MAIN) VALUES ( 'วิชาสามัญ SCIENCE', 'วิชาสามัญวิทย์ทั่วไป', 'วิชาสามัญ');
INSERT INTO SUBJECT (SUBJECT_ID, SUBJECT_NAME, SUBJECT_MAIN) VALUES ( 'วิชาสามัญ THAI LANGUAGE', 'วิชาสามัญภาษาไทย', 'วิชาสามัญ');
INSERT INTO SUBJECT (SUBJECT_ID, SUBJECT_NAME, SUBJECT_MAIN) VALUES ( 'วิชาสามัญ SOCIAL STUDY', 'วิชาสามัญสังคมศึกษา', 'วิชาสามัญ');
INSERT INTO SUBJECT (SUBJECT_ID, SUBJECT_NAME, SUBJECT_MAIN) VALUES ( 'วิชาสามัญ ENGLISH', 'วิชาสามัญภาษาอังกฤษ', 'วิชาสามัญ');
INSERT INTO SUBJECT (SUBJECT_ID, SUBJECT_NAME, SUBJECT_MAIN) VALUES ( 'วิชาสามัญ PHYSICS', 'วิชาสามัญฟิสิกส์', 'วิชาสามัญ');
INSERT INTO SUBJECT (SUBJECT_ID, SUBJECT_NAME, SUBJECT_MAIN) VALUES ( 'วิชาสามัญ CHEMISTRY', 'วิชาสามัญเคมี', 'วิชาสามัญ');
INSERT INTO SUBJECT (SUBJECT_ID, SUBJECT_NAME, SUBJECT_MAIN) VALUES ( 'วิชาสามัญ BIOLOGY', 'วิชาสามัญชีววิทยา', 'วิชาสามัญ');

    -- tgat สำหรับปี 66
INSERT INTO SUBJECT (SUBJECT_ID, SUBJECT_NAME, SUBJECT_MAIN) VALUES ( 'TGAT', 'การทดสอบวิชาความถนัดทั่วไป', NULL);

    -- tpat สำหรับปี 66
INSERT INTO SUBJECT (SUBJECT_ID, SUBJECT_NAME, SUBJECT_MAIN) VALUES ( 'TPAT', 'รายวิชาสามัญที่เน้นการนำความรู้ไปใช้งาน', NULL);
INSERT INTO SUBJECT (SUBJECT_ID, SUBJECT_NAME, SUBJECT_MAIN) VALUES ( 'TPAT1', 'วิชาความถนัดแพทย์ กสพท', 'TPAT');
INSERT INTO SUBJECT (SUBJECT_ID, SUBJECT_NAME, SUBJECT_MAIN) VALUES ( 'TPAT2', 'ความถนัดทางศิลปกรรมศาสตร์', 'TPAT');
INSERT INTO SUBJECT (SUBJECT_ID, SUBJECT_NAME, SUBJECT_MAIN) VALUES ( 'TPAT3', 'ความถนัดทางวิทยาศาสตร์ เทคโนโลยี และวิศวกรรมศาสตร์ ', 'TPAT');
INSERT INTO SUBJECT (SUBJECT_ID, SUBJECT_NAME, SUBJECT_MAIN) VALUES ( 'TPAT4', 'ความถนัดทางสถาปัตยกรรมศาสตร์', 'TPAT');
INSERT INTO SUBJECT (SUBJECT_ID, SUBJECT_NAME, SUBJECT_MAIN) VALUES ( 'TPAT5', 'ความถนัดทางครุศาสตร์/ศึกษาศาสตร์', 'TPAT');

    -- A-level สำหรับปี 66
INSERT INTO SUBJECT (SUBJECT_ID, SUBJECT_NAME, SUBJECT_MAIN) VALUES ( 'A-LEVEL', 'การทดสอบความรู้เชิงวิชาการที่เน้นการนำความรู้ไปประยุกต์ใช้', NULL);
INSERT INTO SUBJECT (SUBJECT_ID, SUBJECT_NAME, SUBJECT_MAIN) VALUES ( 'A-Level MATH1', 'คณิตศาสตร์ประยุกต์ 1', 'A-LEVEL');
INSERT INTO SUBJECT (SUBJECT_ID, SUBJECT_NAME, SUBJECT_MAIN) VALUES ( 'A-Level MATH2', 'คณิตศาสตร์ประยุกต์ 2', 'A-LEVEL');
INSERT INTO SUBJECT (SUBJECT_ID, SUBJECT_NAME, SUBJECT_MAIN) VALUES ( 'A-Level SCIENCE', 'วิทยาศาสตร์ประยุกต์', 'A-LEVEL');
INSERT INTO SUBJECT (SUBJECT_ID, SUBJECT_NAME, SUBJECT_MAIN) VALUES ( 'A-Level PHYSICS', 'ฟิสิกส์', 'A-LEVEL');
INSERT INTO SUBJECT (SUBJECT_ID, SUBJECT_NAME, SUBJECT_MAIN) VALUES ( 'A-Level CHEMISTRY', 'เคมี', 'A-LEVEL');
INSERT INTO SUBJECT (SUBJECT_ID, SUBJECT_NAME, SUBJECT_MAIN) VALUES ( 'A-Level BIOLOGY', 'ชีววิทยา', 'A-LEVEL');
INSERT INTO SUBJECT (SUBJECT_ID, SUBJECT_NAME, SUBJECT_MAIN) VALUES ( 'A-Level SOCIAL STUDY', 'สังคมศาสตร์', 'A-LEVEL');
INSERT INTO SUBJECT (SUBJECT_ID, SUBJECT_NAME, SUBJECT_MAIN) VALUES ( 'A-Level THAI LANGUAGE', 'ภาษาไทย', 'A-LEVEL');
INSERT INTO SUBJECT (SUBJECT_ID, SUBJECT_NAME, SUBJECT_MAIN) VALUES ( 'A-Level ENGLISH', 'ภาษาอังกฤษ', 'A-LEVEL');
INSERT INTO SUBJECT (SUBJECT_ID, SUBJECT_NAME, SUBJECT_MAIN) VALUES ( 'A-Level FRENCH LANGUAGE', 'ภาษาฝรั่งเศส', 'A-LEVEL');
INSERT INTO SUBJECT (SUBJECT_ID, SUBJECT_NAME, SUBJECT_MAIN) VALUES ( 'A-Level GERMAN LANGUAGE', 'ภาษาเยอรมัน', 'A-LEVEL');
INSERT INTO SUBJECT (SUBJECT_ID, SUBJECT_NAME, SUBJECT_MAIN) VALUES ( 'A-Level JAPANESE', 'ภาษาญี่ปุ่น', 'A-LEVEL');
INSERT INTO SUBJECT (SUBJECT_ID, SUBJECT_NAME, SUBJECT_MAIN) VALUES ( 'A-Level KOREAN LANGUAGE', 'ภาษาเกาหลี', 'A-LEVEL');
INSERT INTO SUBJECT (SUBJECT_ID, SUBJECT_NAME, SUBJECT_MAIN) VALUES ( 'A-Level CHINESE', 'ภาษาจีน', 'A-LEVEL');
INSERT INTO SUBJECT (SUBJECT_ID, SUBJECT_NAME, SUBJECT_MAIN) VALUES ( 'A-Level PALI LANGUAGE', 'ภาษาบาลี', 'A-LEVEL');


-- SUBJECT_STAT TABLE
    --ปี2566 วิชา tpat / tgat / a-level
INSERT INTO SUBJECT_STAT ("YEAR", SUBJECT_ID, TOTAL_SCORE, ATTENDANT, FEMALE, MALE, NEW_APPLICANT, OLD_APPLICANT, MEAN, SD, "MIN", "MAX", "MEDIAN", "MODE")
VALUES ('2566', 'TGAT', 300, 150000, 80000, 70000, 105000, 45000, 61.140, 35.304, 0.000, 300.000, 54.000, 42.000);
INSERT INTO SUBJECT_STAT ("YEAR", SUBJECT_ID, TOTAL_SCORE, ATTENDANT, FEMALE, MALE, NEW_APPLICANT, OLD_APPLICANT, MEAN, SD, "MIN", "MAX", "MEDIAN", "MODE")
VALUES ('2566', 'TPAT', 300, 150000, 80000, 70000, 105000, 45000, 61.140, 35.304, 0.000, 300.000, 54.000, 42.000);
INSERT INTO SUBJECT_STAT ("YEAR", SUBJECT_ID, TOTAL_SCORE, ATTENDANT, FEMALE, MALE, NEW_APPLICANT, OLD_APPLICANT, MEAN, SD, "MIN", "MAX", "MEDIAN", "MODE")
VALUES ('2566', 'TPAT1', 300, 150000, 80000, 70000, 105000, 45000, 61.140, 35.304, 0.000, 300.000, 54.000, 42.000);
INSERT INTO SUBJECT_STAT ("YEAR", SUBJECT_ID, TOTAL_SCORE, ATTENDANT, FEMALE, MALE, NEW_APPLICANT, OLD_APPLICANT, MEAN, SD, "MIN", "MAX", "MEDIAN", "MODE")
VALUES ('2566', 'TPAT2', 300, 150000, 80000, 70000, 105000, 45000, 61.140, 35.304, 0.000, 300.000, 54.000, 42.000);
INSERT INTO SUBJECT_STAT ("YEAR", SUBJECT_ID, TOTAL_SCORE, ATTENDANT, FEMALE, MALE, NEW_APPLICANT, OLD_APPLICANT, MEAN, SD, "MIN", "MAX", "MEDIAN", "MODE")
VALUES ('2566', 'TPAT3', 300, 150000, 80000, 70000, 105000, 45000, 61.140, 35.304, 0.000, 300.000, 54.000, 42.000);
INSERT INTO SUBJECT_STAT ("YEAR", SUBJECT_ID, TOTAL_SCORE, ATTENDANT, FEMALE, MALE, NEW_APPLICANT, OLD_APPLICANT, MEAN, SD, "MIN", "MAX", "MEDIAN", "MODE")
VALUES ('2566', 'TPAT4', 300, 150000, 80000, 70000, 105000, 45000, 61.140, 35.304, 0.000, 300.000, 54.000, 42.000);
INSERT INTO SUBJECT_STAT ("YEAR", SUBJECT_ID, TOTAL_SCORE, ATTENDANT, FEMALE, MALE, NEW_APPLICANT, OLD_APPLICANT, MEAN, SD, "MIN", "MAX", "MEDIAN", "MODE")
VALUES ('2566', 'TPAT5', 300, 150000, 80000, 70000, 105000, 45000, 61.140, 35.304, 0.000, 300.000, 54.000, 42.000);
INSERT INTO SUBJECT_STAT ("YEAR", SUBJECT_ID, TOTAL_SCORE, ATTENDANT, FEMALE, MALE, NEW_APPLICANT, OLD_APPLICANT, MEAN, SD, "MIN", "MAX", "MEDIAN", "MODE")
VALUES ('2566', 'A-LEVEL', 100, 41342, 25703, 15639, 49, 21, 39.999, 59.999, 10, 95, 35, 38);
INSERT INTO SUBJECT_STAT ("YEAR", SUBJECT_ID, TOTAL_SCORE, ATTENDANT, FEMALE, MALE, NEW_APPLICANT, OLD_APPLICANT, MEAN, SD, "MIN", "MAX", "MEDIAN", "MODE")
VALUES ('2566', 'A-LEVEL MATH1', 100, 36694, 22893, 13801, 44, 19, 39.999, 59.999, 10, 95, 35, 38);
INSERT INTO SUBJECT_STAT ("YEAR", SUBJECT_ID, TOTAL_SCORE, ATTENDANT, FEMALE, MALE, NEW_APPLICANT, OLD_APPLICANT, MEAN, SD, "MIN", "MAX", "MEDIAN", "MODE")
VALUES ('2566', 'A-LEVEL MATH2', 100, 45050, 28188, 16862, 53, 22, 39.999, 59.999, 10, 95, 35, 38);
INSERT INTO SUBJECT_STAT ("YEAR", SUBJECT_ID, TOTAL_SCORE, ATTENDANT, FEMALE, MALE, NEW_APPLICANT, OLD_APPLICANT, MEAN, SD, "MIN", "MAX", "MEDIAN", "MODE")
VALUES ('2566', 'A-LEVEL SCIENCE', 100, 30515, 19072, 11443, 35, 15, 39.999, 59.999, 10, 95, 35, 38);
INSERT INTO SUBJECT_STAT ("YEAR", SUBJECT_ID, TOTAL_SCORE, ATTENDANT, FEMALE, MALE, NEW_APPLICANT, OLD_APPLICANT, MEAN, SD, "MIN", "MAX", "MEDIAN", "MODE")
VALUES ('2566', 'A-LEVEL PHYSICS', 100, 46723, 29201, 17522, 55, 23, 39.999, 59.999, 10, 95, 35, 38);
INSERT INTO SUBJECT_STAT ("YEAR", SUBJECT_ID, TOTAL_SCORE, ATTENDANT, FEMALE, MALE, NEW_APPLICANT, OLD_APPLICANT, MEAN, SD, "MIN", "MAX", "MEDIAN", "MODE")
VALUES ('2566', 'A-LEVEL CHEMISTRY', 100, 33500, 20937, 12563, 39, 17, 39.999, 59.999, 10, 95, 35, 38);
INSERT INTO SUBJECT_STAT ("YEAR", SUBJECT_ID, TOTAL_SCORE, ATTENDANT, FEMALE, MALE, NEW_APPLICANT, OLD_APPLICANT, MEAN, SD, "MIN", "MAX", "MEDIAN", "MODE")
VALUES ('2566', 'A-LEVEL BIOLOGY', 100, 47779, 29862, 17917, 56, 24, 39.999, 59.999, 10, 95, 35, 38);
INSERT INTO SUBJECT_STAT ("YEAR", SUBJECT_ID, TOTAL_SCORE, ATTENDANT, FEMALE, MALE, NEW_APPLICANT, OLD_APPLICANT, MEAN, SD, "MIN", "MAX", "MEDIAN", "MODE")
VALUES ('2566', 'A-LEVEL SOCIAL STUDY', 100, 40563, 25361, 15202, 47, 20, 39.999, 59.999, 10, 95, 35, 38);
INSERT INTO SUBJECT_STAT ("YEAR", SUBJECT_ID, TOTAL_SCORE, ATTENDANT, FEMALE, MALE, NEW_APPLICANT, OLD_APPLICANT, MEAN, SD, "MIN", "MAX", "MEDIAN", "MODE")
VALUES ('2566', 'A-LEVEL THAI LANGUAGE', 100, 35996, 22497, 13499, 42, 18, 39.999, 59.999, 10, 95, 35, 38);
INSERT INTO SUBJECT_STAT ("YEAR", SUBJECT_ID, TOTAL_SCORE, ATTENDANT, FEMALE, MALE, NEW_APPLICANT, OLD_APPLICANT, MEAN, SD, "MIN", "MAX", "MEDIAN", "MODE")
VALUES ('2566', 'A-LEVEL ENGLISH', 100, 47182, 29489, 17693, 55, 23, 39.999, 59.999, 10, 95, 35, 38);
INSERT INTO SUBJECT_STAT ("YEAR", SUBJECT_ID, TOTAL_SCORE, ATTENDANT, FEMALE, MALE, NEW_APPLICANT, OLD_APPLICANT, MEAN, SD, "MIN", "MAX", "MEDIAN", "MODE")
VALUES ('2566', 'A-LEVEL FRENCH LANGUAGE', 100, 42098, 26311, 15787, 49, 21, 39.999, 59.999, 10, 95, 35, 38);
INSERT INTO SUBJECT_STAT ("YEAR", SUBJECT_ID, TOTAL_SCORE, ATTENDANT, FEMALE, MALE, NEW_APPLICANT, OLD_APPLICANT, MEAN, SD, "MIN", "MAX", "MEDIAN", "MODE")
VALUES ('2566', 'A-LEVEL GERMAN LANGUAGE', 100, 43735, 27334, 16401, 51, 22, 39.999, 59.999, 10, 95, 35, 38);
INSERT INTO SUBJECT_STAT ("YEAR", SUBJECT_ID, TOTAL_SCORE, ATTENDANT, FEMALE, MALE, NEW_APPLICANT, OLD_APPLICANT, MEAN, SD, "MIN", "MAX", "MEDIAN", "MODE")
VALUES ('2566', 'A-LEVEL JAPANESE', 100, 34771, 21731, 13040, 40, 17, 39.999, 59.999, 10, 95, 35, 38);
INSERT INTO SUBJECT_STAT ("YEAR", SUBJECT_ID, TOTAL_SCORE, ATTENDANT, FEMALE, MALE, NEW_APPLICANT, OLD_APPLICANT, MEAN, SD, "MIN", "MAX", "MEDIAN", "MODE")
VALUES ('2566', 'A-LEVEL KOREAN LANGUAGE', 100, 49143, 30714, 18429, 57, 24, 39.999, 59.999, 10, 95, 35, 38);
INSERT INTO SUBJECT_STAT ("YEAR", SUBJECT_ID, TOTAL_SCORE, ATTENDANT, FEMALE, MALE, NEW_APPLICANT, OLD_APPLICANT, MEAN, SD, "MIN", "MAX", "MEDIAN", "MODE")
VALUES ('2566', 'A-LEVEL CHINESE', 100, 31891, 19932, 11959, 37, 16, 39.999, 59.999, 10, 95, 35, 38);
INSERT INTO SUBJECT_STAT ("YEAR", SUBJECT_ID, TOTAL_SCORE, ATTENDANT, FEMALE, MALE, NEW_APPLICANT, OLD_APPLICANT, MEAN, SD, "MIN", "MAX", "MEDIAN", "MODE")
VALUES ('2566', 'A-LEVEL PALI LANGUAGE', 100, 46584, 29115, 17469, 54, 23, 39.999, 59.999, 10, 95, 35, 38);


    --ปี2565 วิชา gat / pat / วิชาสามัญ
INSERT INTO SUBJECT_STAT ("YEAR", SUBJECT_ID, TOTAL_SCORE, ATTENDANT, FEMALE, MALE, NEW_APPLICANT, OLD_APPLICANT, MEAN, SD, "MIN", "MAX", "MEDIAN", "MODE")
VALUES ('2565', 'GAT', 300, 41342, 25703, 15639, 21, 49, 39.999, 59.999, 10, 95, 35, 38);
INSERT INTO SUBJECT_STAT ("YEAR", SUBJECT_ID, TOTAL_SCORE, ATTENDANT, FEMALE, MALE, NEW_APPLICANT, OLD_APPLICANT, MEAN, SD, "MIN", "MAX", "MEDIAN", "MODE")
VALUES ('2565', 'PAT1', 300, 36694, 22893, 13801, 19, 44, 39.999, 59.999, 10, 95, 35, 38);
INSERT INTO SUBJECT_STAT ("YEAR", SUBJECT_ID, TOTAL_SCORE, ATTENDANT, FEMALE, MALE, NEW_APPLICANT, OLD_APPLICANT, MEAN, SD, "MIN", "MAX", "MEDIAN", "MODE")
VALUES ('2565', 'PAT2', 300, 45050, 28188, 16862, 22, 53, 39.999, 59.999, 10, 95, 35, 38);
INSERT INTO SUBJECT_STAT ("YEAR", SUBJECT_ID, TOTAL_SCORE, ATTENDANT, FEMALE, MALE, NEW_APPLICANT, OLD_APPLICANT, MEAN, SD, "MIN", "MAX", "MEDIAN", "MODE")
VALUES ('2565', 'PAT3', 300, 30515, 19072, 11443, 15, 35, 39.999, 59.999, 10, 95, 35, 38);
INSERT INTO SUBJECT_STAT ("YEAR", SUBJECT_ID, TOTAL_SCORE, ATTENDANT, FEMALE, MALE, NEW_APPLICANT, OLD_APPLICANT, MEAN, SD, "MIN", "MAX", "MEDIAN", "MODE")
VALUES ('2565', 'PAT4', 300, 46723, 29201, 17522, 23, 55, 39.999, 59.999, 10, 95, 35, 38);
INSERT INTO SUBJECT_STAT ("YEAR", SUBJECT_ID, TOTAL_SCORE, ATTENDANT, FEMALE, MALE, NEW_APPLICANT, OLD_APPLICANT, MEAN, SD, "MIN", "MAX", "MEDIAN", "MODE")
VALUES ('2565', 'PAT5', 300, 33500, 20937, 12563, 17, 39, 39.999, 59.999, 10, 95, 35, 38);
INSERT INTO SUBJECT_STAT ("YEAR", SUBJECT_ID, TOTAL_SCORE, ATTENDANT, FEMALE, MALE, NEW_APPLICANT, OLD_APPLICANT, MEAN, SD, "MIN", "MAX", "MEDIAN", "MODE")
VALUES ('2565', 'PAT6', 300, 47779, 29862, 17917, 24, 56, 39.999, 59.999, 10, 95, 35, 38);
INSERT INTO SUBJECT_STAT ("YEAR", SUBJECT_ID, TOTAL_SCORE, ATTENDANT, FEMALE, MALE, NEW_APPLICANT, OLD_APPLICANT, MEAN, SD, "MIN", "MAX", "MEDIAN", "MODE")
VALUES ('2565', 'PAT7', 300, 40563, 25361, 15202, 20, 47, 39.999, 59.999, 10, 95, 35, 38);
INSERT INTO SUBJECT_STAT ("YEAR", SUBJECT_ID, TOTAL_SCORE, ATTENDANT, FEMALE, MALE, NEW_APPLICANT, OLD_APPLICANT, MEAN, SD, "MIN", "MAX", "MEDIAN", "MODE")
VALUES ('2565', 'PAT7.1', 300, 35996, 22497, 13499, 18, 42, 39.999, 59.999, 10, 95, 35, 38);
INSERT INTO SUBJECT_STAT ("YEAR", SUBJECT_ID, TOTAL_SCORE, ATTENDANT, FEMALE, MALE, NEW_APPLICANT, OLD_APPLICANT, MEAN, SD, "MIN", "MAX", "MEDIAN", "MODE")
VALUES ('2565', 'PAT7.2', 300, 47182, 29489, 17693, 23, 55, 39.999, 59.999, 10, 95, 35, 38);
INSERT INTO SUBJECT_STAT ("YEAR", SUBJECT_ID, TOTAL_SCORE, ATTENDANT, FEMALE, MALE, NEW_APPLICANT, OLD_APPLICANT, MEAN, SD, "MIN", "MAX", "MEDIAN", "MODE")
VALUES ('2565', 'PAT7.3', 300, 31994, 19996, 11998, 16, 38, 39.999, 59.999, 10, 95, 35, 38);
INSERT INTO SUBJECT_STAT ("YEAR", SUBJECT_ID, TOTAL_SCORE, ATTENDANT, FEMALE, MALE, NEW_APPLICANT, OLD_APPLICANT, MEAN, SD, "MIN", "MAX", "MEDIAN", "MODE")
VALUES ('2565', 'PAT7.4', 300, 44344, 27684, 16660, 21, 50, 39.999, 59.999, 10, 95, 35, 38);
INSERT INTO SUBJECT_STAT ("YEAR", SUBJECT_ID, TOTAL_SCORE, ATTENDANT, FEMALE, MALE, NEW_APPLICANT, OLD_APPLICANT, MEAN, SD, "MIN", "MAX", "MEDIAN", "MODE")
VALUES ('2565', 'PAT7.5', 300, 38786, 24241, 14545, 19, 45, 39.999, 59.999, 10, 95, 35, 38);
INSERT INTO SUBJECT_STAT ("YEAR", SUBJECT_ID, TOTAL_SCORE, ATTENDANT, FEMALE, MALE, NEW_APPLICANT, OLD_APPLICANT, MEAN, SD, "MIN", "MAX", "MEDIAN", "MODE")
VALUES ('2565', 'PAT7.6', 300, 42472, 26545, 15927, 21, 49, 39.999, 59.999, 10, 95, 35, 38);
INSERT INTO SUBJECT_STAT ("YEAR", SUBJECT_ID, TOTAL_SCORE, ATTENDANT, FEMALE, MALE, NEW_APPLICANT, OLD_APPLICANT, MEAN, SD, "MIN", "MAX", "MEDIAN", "MODE")
VALUES ('2565', 'วิชาสามัญ MATH1', 100, 36729, 23005, 13724, 70, 30, 39.999, 59.999, 0, 100, 35, 38);
INSERT INTO SUBJECT_STAT ("YEAR", SUBJECT_ID, TOTAL_SCORE, ATTENDANT, FEMALE, MALE, NEW_APPLICANT, OLD_APPLICANT, MEAN, SD, "MIN", "MAX", "MEDIAN", "MODE")
VALUES ('2565', 'วิชาสามัญ MATH2', 100, 4659, 2908, 1751, 70, 30, 39.999, 59.999, 0, 100, 35, 38);
INSERT INTO SUBJECT_STAT ("YEAR", SUBJECT_ID, TOTAL_SCORE, ATTENDANT, FEMALE, MALE, NEW_APPLICANT, OLD_APPLICANT, MEAN, SD, "MIN", "MAX", "MEDIAN", "MODE")
VALUES ('2565', 'วิชาสามัญ SCIENCE', 100, 19651, 12282, 7369, 70, 30, 39.999, 59.999, 0, 100, 35, 38);
INSERT INTO SUBJECT_STAT ("YEAR", SUBJECT_ID, TOTAL_SCORE, ATTENDANT, FEMALE, MALE, NEW_APPLICANT, OLD_APPLICANT, MEAN, SD, "MIN", "MAX", "MEDIAN", "MODE")
VALUES ('2565', 'วิชาสามัญ THAI', 100, 36729, 23005, 13724, 70, 30, 39.999, 59.999, 0, 100, 35, 38);
INSERT INTO SUBJECT_STAT ("YEAR", SUBJECT_ID, TOTAL_SCORE, ATTENDANT, FEMALE, MALE, NEW_APPLICANT, OLD_APPLICANT, MEAN, SD, "MIN", "MAX", "MEDIAN", "MODE")
VALUES ('2565', 'วิชาสามัญ SOCIAL STUDY', 100, 36729, 23005, 13724, 70, 30, 39.999, 59.999, 0, 100, 35, 38);
INSERT INTO SUBJECT_STAT ("YEAR", SUBJECT_ID, TOTAL_SCORE, ATTENDANT, FEMALE, MALE, NEW_APPLICANT, OLD_APPLICANT, MEAN, SD, "MIN", "MAX", "MEDIAN", "MODE")
VALUES ('2565', 'วิชาสามัญ ENGLISH', 100, 36729, 23005, 13724, 70, 30, 39.999, 59.999, 0, 100, 35, 38);
INSERT INTO SUBJECT_STAT ("YEAR", SUBJECT_ID, TOTAL_SCORE, ATTENDANT, FEMALE, MALE, NEW_APPLICANT, OLD_APPLICANT, MEAN, SD, "MIN", "MAX", "MEDIAN", "MODE")
VALUES ('2565', 'วิชาสามัญ PHYSICS', 100, 36729, 23005, 13724, 70, 30, 39.999, 59.999, 0, 100, 35, 38);
INSERT INTO SUBJECT_STAT ("YEAR", SUBJECT_ID, TOTAL_SCORE, ATTENDANT, FEMALE, MALE, NEW_APPLICANT, OLD_APPLICANT, MEAN, SD, "MIN", "MAX", "MEDIAN", "MODE")
VALUES ('2565', 'วิชาสามัญ CHEMISTRY', 100, 36729, 23005, 13724, 70, 30, 39.999, 59.999, 0, 100, 35, 38);
INSERT INTO SUBJECT_STAT ("YEAR", SUBJECT_ID, TOTAL_SCORE, ATTENDANT, FEMALE, MALE, NEW_APPLICANT, OLD_APPLICANT, MEAN, SD, "MIN", "MAX", "MEDIAN", "MODE")
VALUES ('2565', 'วิชาสามัญ BIOLOGY', 100, 36729, 23005, 13724, 70, 30, 39.999, 59.999, 0, 100, 35, 38);


    --ปี2564 วิชา gat / pat / วิชาสามัญ
INSERT INTO SUBJECT_STAT ("YEAR", SUBJECT_ID, TOTAL_SCORE, ATTENDANT, FEMALE, MALE, NEW_APPLICANT, OLD_APPLICANT, MEAN, SD, "MIN", "MAX", "MEDIAN", "MODE")
VALUES ('2565', 'GAT', 300, 41342, 25703, 15639, 32, 68, 123.456, 78.901, 15, 298, 145, 120);
INSERT INTO SUBJECT_STAT ("YEAR", SUBJECT_ID, TOTAL_SCORE, ATTENDANT, FEMALE, MALE, NEW_APPLICANT, OLD_APPLICANT, MEAN, SD, "MIN", "MAX", "MEDIAN", "MODE")
VALUES ('2565', 'PAT1', 300, 36694, 22893, 13801, 28, 62, 123.456, 78.901, 15, 298, 145, 120);
INSERT INTO SUBJECT_STAT ("YEAR", SUBJECT_ID, TOTAL_SCORE, ATTENDANT, FEMALE, MALE, NEW_APPLICANT, OLD_APPLICANT, MEAN, SD, "MIN", "MAX", "MEDIAN", "MODE")
VALUES ('2565', 'PAT2', 300, 45050, 28188, 16862, 34, 76, 123.456, 78.901, 15, 298, 145, 120);
INSERT INTO SUBJECT_STAT ("YEAR", SUBJECT_ID, TOTAL_SCORE, ATTENDANT, FEMALE, MALE, NEW_APPLICANT, OLD_APPLICANT, MEAN, SD, "MIN", "MAX", "MEDIAN", "MODE")
VALUES ('2565', 'PAT3', 300, 30515, 19072, 11443, 23, 51, 123.456, 78.901, 15, 298, 145, 120);
INSERT INTO SUBJECT_STAT ("YEAR", SUBJECT_ID, TOTAL_SCORE, ATTENDANT, FEMALE, MALE, NEW_APPLICANT, OLD_APPLICANT, MEAN, SD, "MIN", "MAX", "MEDIAN", "MODE")
VALUES ('2565', 'PAT4', 300, 46723, 29201, 17522, 35, 78, 123.456, 78.901, 15, 298, 145, 120);
INSERT INTO SUBJECT_STAT ("YEAR", SUBJECT_ID, TOTAL_SCORE, ATTENDANT, FEMALE, MALE, NEW_APPLICANT, OLD_APPLICANT, MEAN, SD, "MIN", "MAX", "MEDIAN", "MODE")
VALUES ('2565', 'PAT5', 300, 33500, 20937, 12563, 26, 58, 123.456, 78.901, 15, 298, 145, 120);
INSERT INTO SUBJECT_STAT ("YEAR", SUBJECT_ID, TOTAL_SCORE, ATTENDANT, FEMALE, MALE, NEW_APPLICANT, OLD_APPLICANT, MEAN, SD, "MIN", "MAX", "MEDIAN", "MODE")
VALUES ('2565', 'PAT6', 300, 47779, 29862, 17917, 36, 80, 123.456, 78.901, 15, 298, 145, 120);
INSERT INTO SUBJECT_STAT ("YEAR", SUBJECT_ID, TOTAL_SCORE, ATTENDANT, FEMALE, MALE, NEW_APPLICANT, OLD_APPLICANT, MEAN, SD, "MIN", "MAX", "MEDIAN", "MODE")
VALUES ('2565', 'PAT7', 300, 40563, 25361, 15202, 31, 69, 123.456, 78.901, 15, 298, 145, 120);
INSERT INTO SUBJECT_STAT ("YEAR", SUBJECT_ID, TOTAL_SCORE, ATTENDANT, FEMALE, MALE, NEW_APPLICANT, OLD_APPLICANT, MEAN, SD, "MIN", "MAX", "MEDIAN", "MODE")
VALUES ('2565', 'PAT7.1', 300, 35996, 22497, 13499, 28, 62, 123.456, 78.901, 15, 298, 145, 120);
INSERT INTO SUBJECT_STAT ("YEAR", SUBJECT_ID, TOTAL_SCORE, ATTENDANT, FEMALE, MALE, NEW_APPLICANT, OLD_APPLICANT, MEAN, SD, "MIN", "MAX", "MEDIAN", "MODE")
VALUES ('2565', 'PAT7.2', 300, 47182, 29489, 17693, 36, 80, 123.456, 78.901, 15, 298, 145, 120);
INSERT INTO SUBJECT_STAT ("YEAR", SUBJECT_ID, TOTAL_SCORE, ATTENDANT, FEMALE, MALE, NEW_APPLICANT, OLD_APPLICANT, MEAN, SD, "MIN", "MAX", "MEDIAN", "MODE")
VALUES ('2565', 'PAT7.3', 300, 31994, 19996, 11998, 24, 54, 123.456, 78.901, 15, 298, 145, 120);
INSERT INTO SUBJECT_STAT ("YEAR", SUBJECT_ID, TOTAL_SCORE, ATTENDANT, FEMALE, MALE, NEW_APPLICANT, OLD_APPLICANT, MEAN, SD, "MIN", "MAX", "MEDIAN", "MODE")
VALUES ('2565', 'PAT7.4', 300, 44344, 27684, 16660, 34, 76, 123.456, 78.901, 15, 298, 145, 120);
INSERT INTO SUBJECT_STAT ("YEAR", SUBJECT_ID, TOTAL_SCORE, ATTENDANT, FEMALE, MALE, NEW_APPLICANT, OLD_APPLICANT, MEAN, SD, "MIN", "MAX", "MEDIAN", "MODE")
VALUES ('2565', 'PAT7.5', 300, 38786, 24241, 14545, 30, 67, 123.456, 78.901, 15, 298, 145, 120);
INSERT INTO SUBJECT_STAT ("YEAR", SUBJECT_ID, TOTAL_SCORE, ATTENDANT, FEMALE, MALE, NEW_APPLICANT, OLD_APPLICANT, MEAN, SD, "MIN", "MAX", "MEDIAN", "MODE")
VALUES ('2565', 'PAT7.6', 300, 42472, 26545, 15927, 32, 71, 123.456, 78.901, 15, 298, 145, 120);
INSERT INTO SUBJECT_STAT ("YEAR", SUBJECT_ID, TOTAL_SCORE, ATTENDANT, FEMALE, MALE, NEW_APPLICANT, OLD_APPLICANT, MEAN, SD, "MIN", "MAX", "MEDIAN", "MODE")
VALUES ('2565', 'วิชาสามัญ MATH1', 100, 36729, 23005, 13724, 49, 21, 123.456, 78.901, 10, 295, 120, 110);
INSERT INTO SUBJECT_STAT ("YEAR", SUBJECT_ID, TOTAL_SCORE, ATTENDANT, FEMALE, MALE, NEW_APPLICANT, OLD_APPLICANT, MEAN, SD, "MIN", "MAX", "MEDIAN", "MODE")
VALUES ('2565', 'วิชาสามัญ MATH2', 100, 4659, 2908, 1751, 49, 21, 123.456, 78.901, 10, 295, 120, 110);
INSERT INTO SUBJECT_STAT ("YEAR", SUBJECT_ID, TOTAL_SCORE, ATTENDANT, FEMALE, MALE, NEW_APPLICANT, OLD_APPLICANT, MEAN, SD, "MIN", "MAX", "MEDIAN", "MODE")
VALUES ('2565', 'วิชาสามัญ SCIENCE', 100, 19651, 12282, 7369, 49, 21, 123.456, 78.901, 10, 295, 120, 110);
INSERT INTO SUBJECT_STAT ("YEAR", SUBJECT_ID, TOTAL_SCORE, ATTENDANT, FEMALE, MALE, NEW_APPLICANT, OLD_APPLICANT, MEAN, SD, "MIN", "MAX", "MEDIAN", "MODE")
VALUES ('2565', 'วิชาสามัญ THAI', 100, 36729, 23005, 13724, 49, 21, 123.456, 78.901, 10, 295, 120, 110);
INSERT INTO SUBJECT_STAT ("YEAR", SUBJECT_ID, TOTAL_SCORE, ATTENDANT, FEMALE, MALE, NEW_APPLICANT, OLD_APPLICANT, MEAN, SD, "MIN", "MAX", "MEDIAN", "MODE")
VALUES ('2565', 'วิชาสามัญ SOCIAL STUDY', 100, 36729, 23005, 13724, 49, 21, 123.456, 78.901, 10, 295, 120, 110);
INSERT INTO SUBJECT_STAT ("YEAR", SUBJECT_ID, TOTAL_SCORE, ATTENDANT, FEMALE, MALE, NEW_APPLICANT, OLD_APPLICANT, MEAN, SD, "MIN", "MAX", "MEDIAN", "MODE")
VALUES ('2565', 'วิชาสามัญ ENGLISH', 100, 36729, 23005, 13724, 49, 21, 123.456, 78.901, 10, 295, 120, 110);
INSERT INTO SUBJECT_STAT ("YEAR", SUBJECT_ID, TOTAL_SCORE, ATTENDANT, FEMALE, MALE, NEW_APPLICANT, OLD_APPLICANT, MEAN, SD, "MIN", "MAX", "MEDIAN", "MODE")
VALUES ('2565', 'วิชาสามัญ PHYSICS', 100, 36729, 23005, 13724, 49, 21, 123.456, 78.901, 10, 295, 120, 110);
INSERT INTO SUBJECT_STAT ("YEAR", SUBJECT_ID, TOTAL_SCORE, ATTENDANT, FEMALE, MALE, NEW_APPLICANT, OLD_APPLICANT, MEAN, SD, "MIN", "MAX", "MEDIAN", "MODE")
VALUES ('2565', 'วิชาสามัญ CHEMISTRY', 100, 36729, 23005, 13724, 49, 21, 123.456, 78.901, 10, 295, 120, 110);
INSERT INTO SUBJECT_STAT ("YEAR", SUBJECT_ID, TOTAL_SCORE, ATTENDANT, FEMALE, MALE, NEW_APPLICANT, OLD_APPLICANT, MEAN, SD, "MIN", "MAX", "MEDIAN", "MODE")
VALUES ('2565', 'วิชาสามัญ BIOLOGY', 100, 36729, 23005, 13724, 49, 21, 123.456, 78.901, 10, 295, 120, 110);

